The SAS System,,,,,,,,,,,
,,,,,,,,,,,
IPO_Firm_Name,IPODate,PERMNO,Names Date,Returns,Value-Weighted,Return on the S&P,,,,,
,,,,,Return-incl. dividends,500 Index,Holding Period,Month,1+Daily Returns,1+Vwretd,1+SPrtrn
GreenSky Inc,5/24/2018,17795,5/24/2018,C,-0.00183,-0.002023,,,,0.99817,0.997977
GreenSky Inc,5/24/2018,17795,5/25/2018,0.06036,-0.002212,-0.002357,,,1.06036,0.997788,0.997643
GreenSky Inc,5/24/2018,17795,5/29/2018,0.007267,-0.009967,-0.011564,,,1.007267,0.990033,0.988436
GreenSky Inc,5/24/2018,17795,5/30/2018,0.031262,0.013118,0.012696,,,1.031262,1.013118,1.012696
GreenSky Inc,5/24/2018,17795,5/31/2018,0.04042,-0.006496,-0.00688,,,1.04042,0.993504,0.99312
GreenSky Inc,5/24/2018,17795,6/1/2018,-0.004109,0.009657,0.010849,,,0.995891,1.009657,1.010849
GreenSky Inc,5/24/2018,17795,6/4/2018,-0.049512,0.004532,0.00448,,,0.950488,1.004532,1.00448
GreenSky Inc,5/24/2018,17795,6/5/2018,0.007893,0.001475,0.000703,,,1.007893,1.001475,1.000703
GreenSky Inc,5/24/2018,17795,6/6/2018,-0.040329,0.007997,0.008567,,,0.959671,1.007997,1.008567
GreenSky Inc,5/24/2018,17795,6/7/2018,-0.063647,-0.001119,-0.000714,,,0.936353,0.998881,0.999286
GreenSky Inc,5/24/2018,17795,6/8/2018,0.036601,0.002989,0.003126,,,1.036601,1.002989,1.003126
GreenSky Inc,5/24/2018,17795,6/11/2018,0.01177,0.001522,0.001069,,,1.01177,1.001522,1.001069
GreenSky Inc,5/24/2018,17795,6/12/2018,0.007894,0.001946,0.001743,,,1.007894,1.001946,1.001743
GreenSky Inc,5/24/2018,17795,6/13/2018,-0.005359,-0.003615,-0.004026,,,0.994641,0.996385,0.995974
GreenSky Inc,5/24/2018,17795,6/14/2018,0.013676,0.002642,0.002472,,,1.013676,1.002642,1.002472
GreenSky Inc,5/24/2018,17795,6/15/2018,-0.008994,-0.001638,-0.001017,,,0.991006,0.998362,0.998983
GreenSky Inc,5/24/2018,17795,6/18/2018,0.007838,-0.000751,-0.002126,,,1.007838,0.999249,0.997874
GreenSky Inc,5/24/2018,17795,6/19/2018,-0.018011,-0.004084,-0.004023,,,0.981989,0.995916,0.995977
GreenSky Inc,5/24/2018,17795,6/20/2018,-0.010004,0.002739,0.001712,,,0.989996,1.002739,1.001712
GreenSky Inc,5/24/2018,17795,6/21/2018,-0.002526,-0.006904,-0.006345,,,0.997474,0.993096,0.993655
GreenSky Inc,5/24/2018,17795,6/22/2018,0.01984,0.002284,0.001862,,,1.01984,1.002284,1.001862
GreenSky Inc,5/24/2018,17795,6/25/2018,-0.040149,-0.014428,-0.013725,-0.063785223,1,0.959851,0.985572,0.986275
GreenSky Inc,5/24/2018,17795,6/26/2018,-0.04959,0.002923,0.002205,,,0.95041,1.002923,1.002205
GreenSky Inc,5/24/2018,17795,6/27/2018,-0.087568,-0.009759,-0.008604,,,0.912432,0.990241,0.991396
GreenSky Inc,5/24/2018,17795,6/28/2018,0.053705,0.005637,0.006179,,,1.053705,1.005637,1.006179
GreenSky Inc,5/24/2018,17795,6/29/2018,-0.001888,0.001586,0.000758,,,0.998112,1.001586,1.000758
GreenSky Inc,5/24/2018,17795,7/2/2018,-0.026005,0.002187,0.003068,,,0.973995,1.002187,1.003068
GreenSky Inc,5/24/2018,17795,7/3/2018,0.006311,-0.002896,-0.004947,,,1.006311,0.997104,0.995053
GreenSky Inc,5/24/2018,17795,7/5/2018,0.019778,0.008482,0.008621,,,1.019778,1.008482,1.008621
GreenSky Inc,5/24/2018,17795,7/6/2018,0.010407,0.008396,0.008481,,,1.010407,1.008396,1.008481
GreenSky Inc,5/24/2018,17795,7/9/2018,0.023876,0.00841,0.008823,,,1.023876,1.00841,1.008823
GreenSky Inc,5/24/2018,17795,7/10/2018,-0.003201,0.002296,0.003473,,,0.996799,1.002296,1.003473
GreenSky Inc,5/24/2018,17795,7/11/2018,-0.031651,-0.007414,-0.007094,,,0.968349,0.992586,0.992906
GreenSky Inc,5/24/2018,17795,7/12/2018,-0.037897,0.008248,0.008749,,,0.962103,1.008248,1.008749
GreenSky Inc,5/24/2018,17795,7/13/2018,-0.051206,0.000712,0.001079,,,0.948794,1.000712,1.001079
GreenSky Inc,5/24/2018,17795,7/16/2018,-0.010898,-0.00183,-0.001028,,,0.989102,0.99817,0.998972
GreenSky Inc,5/24/2018,17795,7/17/2018,-0.011542,0.003887,0.003974,,,0.988458,1.003887,1.003974
GreenSky Inc,5/24/2018,17795,7/18/2018,0.054405,0.002474,0.00216,,,1.054405,1.002474,1.00216
GreenSky Inc,5/24/2018,17795,7/19/2018,-0.007803,-0.002469,-0.003953,,,0.992197,0.997531,0.996047
GreenSky Inc,5/24/2018,17795,7/20/2018,-0.010147,-0.001023,-0.000948,,,0.989853,0.998977,0.999052
GreenSky Inc,5/24/2018,17795,7/23/2018,0.004613,0.001028,0.001838,,,1.004613,1.001028,1.001838
GreenSky Inc,5/24/2018,17795,7/24/2018,-0.017857,0.001978,0.004781,,,0.982143,1.001978,1.004781
GreenSky Inc,5/24/2018,17795,7/25/2018,-0.004675,0.008272,0.009102,-0.130671487,2,0.995325,1.008272,1.009102
GreenSky Inc,5/24/2018,17795,7/26/2018,-0.037056,-0.001559,-0.003032,,,0.962944,0.998441,0.996968
GreenSky Inc,5/24/2018,17795,7/27/2018,-0.03523,-0.007646,-0.006562,,,0.96477,0.992354,0.993438
GreenSky Inc,5/24/2018,17795,7/30/2018,-0.028652,-0.00558,-0.005754,,,0.971348,0.99442,0.994246
GreenSky Inc,5/24/2018,17795,7/31/2018,0.000578,0.005536,0.004885,,,1.000578,1.005536,1.004885
GreenSky Inc,5/24/2018,17795,8/1/2018,0.034104,-0.001296,-0.00104,,,1.034104,0.998704,0.99896
GreenSky Inc,5/24/2018,17795,8/2/2018,0.000559,0.005511,0.004926,,,1.000559,1.005511,1.004926
GreenSky Inc,5/24/2018,17795,8/3/2018,-0.002793,0.003274,0.004644,,,0.997207,1.003274,1.004644
GreenSky Inc,5/24/2018,17795,8/6/2018,0.189356,0.003857,0.003538,,,1.189356,1.003857,1.003538
GreenSky Inc,5/24/2018,17795,8/7/2018,-0.109279,0.002255,0.002824,,,0.890721,1.002255,1.002824
GreenSky Inc,5/24/2018,17795,8/8/2018,-0.039662,-0.00027,-0.000262,,,0.960338,0.99973,0.999738
GreenSky Inc,5/24/2018,17795,8/9/2018,-0.071586,-0.000291,-0.001442,,,0.928414,0.999709,0.998558
GreenSky Inc,5/24/2018,17795,8/10/2018,-0.075326,-0.006335,-0.007114,,,0.924674,0.993665,0.992886
GreenSky Inc,5/24/2018,17795,8/13/2018,-0.069917,-0.004685,-0.004006,,,0.930083,0.995315,0.995994
GreenSky Inc,5/24/2018,17795,8/14/2018,0.061379,0.006617,0.006389,,,1.061379,1.006617,1.006389
GreenSky Inc,5/24/2018,17795,8/15/2018,0.033788,-0.00908,-0.007602,,,1.033788,0.99092,0.992398
GreenSky Inc,5/24/2018,17795,8/16/2018,0.106851,0.008016,0.007919,,,1.106851,1.008016,1.007919
GreenSky Inc,5/24/2018,17795,8/17/2018,0.036911,0.003866,0.003323,,,1.036911,1.003866,1.003323
GreenSky Inc,5/24/2018,17795,8/20/2018,-0.019168,0.002833,0.002428,,,0.980832,1.002833,1.002428
GreenSky Inc,5/24/2018,17795,8/21/2018,0.018984,0.003128,0.002069,,,1.018984,1.003128,1.002069
GreenSky Inc,5/24/2018,17795,8/22/2018,-0.006575,0.00073,-0.000398,,,0.993425,1.00073,0.999602
GreenSky Inc,5/24/2018,17795,8/23/2018,0.003861,-0.002437,-0.001691,-0.013550594,3,1.003861,0.997563,0.998309
GreenSky Inc,5/24/2018,17795,8/24/2018,0.068681,0.006245,0.006199,,,1.068681,1.006245,1.006199
GreenSky Inc,5/24/2018,17795,8/27/2018,-0.017995,0.007157,0.00767,,,0.982005,1.007157,1.00767
GreenSky Inc,5/24/2018,17795,8/28/2018,0.009424,0.000006,0.000269,,,1.009424,1.000006,1.000269
GreenSky Inc,5/24/2018,17795,8/29/2018,0.02334,0.005183,0.005701,,,1.02334,1.005183,1.005701
GreenSky Inc,5/24/2018,17795,8/30/2018,0.011657,-0.004428,-0.00443,,,1.011657,0.995572,0.99557
GreenSky Inc,5/24/2018,17795,8/31/2018,0.014529,0.000301,0.000134,,,1.014529,1.000301,1.000134
GreenSky Inc,5/24/2018,17795,9/4/2018,-0.019753,-0.002248,-0.001654,,,0.980247,0.997752,0.998346
GreenSky Inc,5/24/2018,17795,9/5/2018,-0.034761,-0.003502,-0.002803,,,0.965239,0.996498,0.997197
GreenSky Inc,5/24/2018,17795,9/6/2018,-0.030271,-0.003967,-0.003652,,,0.969729,0.996033,0.996348
GreenSky Inc,5/24/2018,17795,9/7/2018,0.022605,-0.002371,-0.002213,,,1.022605,0.997629,0.997787
GreenSky Inc,5/24/2018,17795,9/10/2018,0.043684,0.002274,0.001898,,,1.043684,1.002274,1.001898
GreenSky Inc,5/24/2018,17795,9/11/2018,0.016137,0.00323,0.00374,,,1.016137,1.00323,1.00374
GreenSky Inc,5/24/2018,17795,9/12/2018,-0.008437,0.000829,0.000357,,,0.991563,1.000829,1.000357
GreenSky Inc,5/24/2018,17795,9/13/2018,0,0.004324,0.005282,,,1,1.004324,1.005282
GreenSky Inc,5/24/2018,17795,9/14/2018,-0.007507,0.000904,0.000275,,,0.992493,1.000904,1.000275
GreenSky Inc,5/24/2018,17795,9/17/2018,-0.025214,-0.005975,-0.00557,,,0.974786,0.994025,0.99443
GreenSky Inc,5/24/2018,17795,9/18/2018,0.021728,0.005494,0.005369,,,1.021728,1.005494,1.005369
GreenSky Inc,5/24/2018,17795,9/19/2018,0.022785,0.000524,0.001253,,,1.022785,1.000524,1.001253
GreenSky Inc,5/24/2018,17795,9/20/2018,-0.016832,0.00785,0.007841,,,0.983168,1.00785,1.007841
GreenSky Inc,5/24/2018,17795,9/21/2018,0.01863,-0.001043,-0.000369,,,1.01863,0.998957,0.999631
GreenSky Inc,5/24/2018,17795,9/24/2018,-0.017795,-0.003703,-0.003516,0.021593293,4,0.982205,0.996297,0.996484
GreenSky Inc,5/24/2018,17795,9/25/2018,-0.007046,-0.000509,-0.001305,,,0.992954,0.999491,0.998695
GreenSky Inc,5/24/2018,17795,9/26/2018,-0.047643,-0.004024,-0.003289,,,0.952357,0.995976,0.996711
GreenSky Inc,5/24/2018,17795,9/27/2018,-0.012241,0.002401,0.002763,,,0.987759,1.002401,1.002763
GreenSky Inc,5/24/2018,17795,9/28/2018,-0.030172,0.00009,-0.000007,,,0.969828,1.00009,0.999993
GreenSky Inc,5/24/2018,17795,10/1/2018,0.000556,0.001786,0.003641,,,1.000556,1.001786,1.003641
GreenSky Inc,5/24/2018,17795,10/2/2018,-0.012215,-0.002262,-0.000397,,,0.987785,0.997738,0.999603
GreenSky Inc,5/24/2018,17795,10/3/2018,0.000562,0.001625,0.000711,,,1.000562,1.001625,1.000711
GreenSky Inc,5/24/2018,17795,10/4/2018,-0.023034,-0.00931,-0.00817,,,0.976966,0.99069,0.99183
GreenSky Inc,5/24/2018,17795,10/5/2018,-0.049454,-0.006058,-0.005528,,,0.950546,0.993942,0.994472
GreenSky Inc,5/24/2018,17795,10/8/2018,-0.032063,-0.001348,-0.000395,,,0.967937,0.998652,0.999605
GreenSky Inc,5/24/2018,17795,10/9/2018,0.009375,-0.001788,-0.001418,,,1.009375,0.998212,0.998582
GreenSky Inc,5/24/2018,17795,10/10/2018,-0.055728,-0.031351,-0.032864,,,0.944272,0.968649,0.967136
GreenSky Inc,5/24/2018,17795,10/11/2018,0.007869,-0.018802,-0.020573,,,1.007869,0.981198,0.979427
GreenSky Inc,5/24/2018,17795,10/12/2018,-0.002602,0.012278,0.014206,,,0.997398,1.012278,1.014206
GreenSky Inc,5/24/2018,17795,10/15/2018,0.011089,-0.003655,-0.005905,,,1.011089,0.996345,0.994095
GreenSky Inc,5/24/2018,17795,10/16/2018,0.036774,0.02147,0.021496,,,1.036774,1.02147,1.021496
GreenSky Inc,5/24/2018,17795,10/17/2018,-0.001867,-0.001386,-0.000253,,,0.998133,0.998614,0.999747
GreenSky Inc,5/24/2018,17795,10/18/2018,-0.041771,-0.014622,-0.014392,,,0.958229,0.985378,0.985608
GreenSky Inc,5/24/2018,17795,10/19/2018,-0.009109,-0.001816,-0.000361,,,0.990891,0.998184,0.999639
GreenSky Inc,5/24/2018,17795,10/22/2018,-0.015102,-0.003901,-0.004299,,,0.984898,0.996099,0.995701
GreenSky Inc,5/24/2018,17795,10/23/2018,-0.042,-0.005977,-0.005512,-0.271668494,5,0.958,0.994023,0.994488
GreenSky Inc,5/24/2018,17795,10/24/2018,-0.067502,-0.030628,-0.030864,,,0.932498,0.969372,0.969136
GreenSky Inc,5/24/2018,17795,10/25/2018,0.002985,0.017448,0.018625,,,1.002985,1.017448,1.018625
GreenSky Inc,5/24/2018,17795,10/26/2018,-0.056548,-0.015512,-0.017327,,,0.943452,0.984488,0.982673
GreenSky Inc,5/24/2018,17795,10/29/2018,-0.045741,-0.006987,-0.00656,,,0.954259,0.993013,0.99344
GreenSky Inc,5/24/2018,17795,10/30/2018,0.039669,0.015604,0.015667,,,1.039669,1.015604,1.015667
GreenSky Inc,5/24/2018,17795,10/31/2018,0.047695,0.010455,0.010851,,,1.047695,1.010455,1.010851
GreenSky Inc,5/24/2018,17795,11/1/2018,0.061457,0.013011,0.010558,,,1.061457,1.013011,1.010558
GreenSky Inc,5/24/2018,17795,11/2/2018,0.032881,-0.004779,-0.006317,,,1.032881,0.995221,0.993683
GreenSky Inc,5/24/2018,17795,11/5/2018,0.014533,0.004439,0.0056,,,1.014533,1.004439,1.0056
GreenSky Inc,5/24/2018,17795,11/6/2018,-0.366985,0.005704,0.006259,,,0.633015,1.005704,1.006259
GreenSky Inc,5/24/2018,17795,11/7/2018,-0.012931,0.019256,0.021209,,,0.987069,1.019256,1.021209
GreenSky Inc,5/24/2018,17795,11/8/2018,0.027293,-0.002936,-0.002509,,,1.027293,0.997064,0.997491
GreenSky Inc,5/24/2018,17795,11/9/2018,0.031881,-0.009721,-0.009199,,,1.031881,0.990279,0.990801
GreenSky Inc,5/24/2018,17795,11/12/2018,0.021627,-0.018878,-0.019701,,,1.021627,0.981122,0.980299
GreenSky Inc,5/24/2018,17795,11/13/2018,-0.012097,-0.001188,-0.001482,,,0.987903,0.998812,0.998518
GreenSky Inc,5/24/2018,17795,11/14/2018,-0.036735,-0.006557,-0.007567,,,0.963265,0.993443,0.992433
GreenSky Inc,5/24/2018,17795,11/15/2018,0.027542,0.010788,0.010594,,,1.027542,1.010788,1.010594
GreenSky Inc,5/24/2018,17795,11/16/2018,-0.021649,0.002082,0.002223,,,0.978351,1.002082,1.002223
GreenSky Inc,5/24/2018,17795,11/19/2018,-0.05058,-0.016575,-0.016643,,,0.94942,0.983425,0.983357
GreenSky Inc,5/24/2018,17795,11/20/2018,-0.005549,-0.017946,-0.018151,,,0.994451,0.982054,0.981849
GreenSky Inc,5/24/2018,17795,11/21/2018,0.029018,0.00622,0.003043,-0.311940068,6,1.029018,1.00622,1.003043
GreenSky Inc,5/24/2018,17795,11/23/2018,-0.008677,-0.00556,-0.006555,,,0.991323,0.99444,0.993445
GreenSky Inc,5/24/2018,17795,11/26/2018,0,0.014598,0.015532,,,1,1.014598,1.015532
GreenSky Inc,5/24/2018,17795,11/27/2018,0.030635,0.000513,0.003262,,,1.030635,1.000513,1.003262
GreenSky Inc,5/24/2018,17795,11/28/2018,-0.0138,0.022306,0.022974,,,0.9862,1.022306,1.022974
GreenSky Inc,5/24/2018,17795,11/29/2018,0,-0.001759,-0.002198,,,1,0.998241,0.997802
GreenSky Inc,5/24/2018,17795,11/30/2018,0.002153,0.006818,0.008186,,,1.002153,1.006818,1.008186
GreenSky Inc,5/24/2018,17795,12/3/2018,-0.002148,0.011443,0.010941,,,0.997852,1.011443,1.010941
GreenSky Inc,5/24/2018,17795,12/4/2018,-0.041981,-0.031761,-0.032365,,,0.958019,0.968239,0.967635
GreenSky Inc,5/24/2018,17795,12/6/2018,0.010112,-0.001887,-0.001522,,,1.010112,0.998113,0.998478
GreenSky Inc,5/24/2018,17795,12/7/2018,0.001112,-0.021063,-0.02332,,,1.001112,0.978937,0.97668
GreenSky Inc,5/24/2018,17795,12/10/2018,0.028889,-0.000255,0.001762,,,1.028889,0.999745,1.001762
GreenSky Inc,5/24/2018,17795,12/11/2018,-0.028078,-0.000717,-0.000356,,,0.971922,0.999283,0.999644
GreenSky Inc,5/24/2018,17795,12/12/2018,0.022222,0.006327,0.005419,,,1.022222,1.006327,1.005419
GreenSky Inc,5/24/2018,17795,12/13/2018,-0.027174,-0.002157,-0.0002,,,0.972826,0.997843,0.9998
GreenSky Inc,5/24/2018,17795,12/14/2018,-0.032402,-0.0171,-0.019087,,,0.967598,0.9829,0.980913
GreenSky Inc,5/24/2018,17795,12/17/2018,-0.028868,-0.020886,-0.020773,,,0.971132,0.979114,0.979227
GreenSky Inc,5/24/2018,17795,12/18/2018,0.060642,-0.000164,0.000086,,,1.060642,0.999836,1.000086
GreenSky Inc,5/24/2018,17795,12/19/2018,0.012332,-0.014833,-0.015396,,,1.012332,0.985167,0.984604
GreenSky Inc,5/24/2018,17795,12/20/2018,-0.003322,-0.015372,-0.015772,,,0.996678,0.984628,0.984228
GreenSky Inc,5/24/2018,17795,12/21/2018,-0.037778,-0.020591,-0.020588,,,0.962222,0.979409,0.979412
GreenSky Inc,5/24/2018,17795,12/24/2018,0.064665,-0.024166,-0.027112,0.008753006,7,1.064665,0.975834,0.972888
GreenSky Inc,5/24/2018,17795,12/26/2018,0.028199,0.04686,0.049594,,,1.028199,1.04686,1.049594
GreenSky Inc,5/24/2018,17795,12/27/2018,-0.001055,0.006822,0.008563,,,0.998945,1.006822,1.008563
GreenSky Inc,5/24/2018,17795,12/28/2018,0.011616,0.000154,-0.001242,,,1.011616,1.000154,0.998758
GreenSky Inc,5/24/2018,17795,12/31/2018,-0.001044,0.008318,0.008492,,,0.998956,1.008318,1.008492
GreenSky Inc,5/24/2018,17795,1/2/2019,0.012539,0.001796,0.001269,,,1.012539,1.001796,1.001269
GreenSky Inc,5/24/2018,17795,1/3/2019,-0.014448,-0.021043,-0.024757,,,0.985552,0.978957,0.975243
GreenSky Inc,5/24/2018,17795,1/4/2019,0.035602,0.03341,0.034336,,,1.035602,1.03341,1.034336
GreenSky Inc,5/24/2018,17795,1/7/2019,0.017189,0.009202,0.00701,,,1.017189,1.009202,1.00701
GreenSky Inc,5/24/2018,17795,1/8/2019,0.000994,0.010269,0.009695,,,1.000994,1.010269,1.009695
GreenSky Inc,5/24/2018,17795,1/9/2019,0.002979,0.006199,0.004098,,,1.002979,1.006199,1.004098
GreenSky Inc,5/24/2018,17795,1/10/2019,-0.012871,0.004474,0.004518,,,0.987129,1.004474,1.004518
GreenSky Inc,5/24/2018,17795,1/11/2019,0.017051,-0.000152,-0.000146,,,1.017051,0.999848,0.999854
GreenSky Inc,5/24/2018,17795,1/14/2019,0.042406,-0.005465,-0.005258,,,1.042406,0.994535,0.994742
GreenSky Inc,5/24/2018,17795,1/15/2019,0.029328,0.009839,0.010722,,,1.029328,1.009839,1.010722
GreenSky Inc,5/24/2018,17795,1/16/2019,0.002757,0.003177,0.002222,,,1.002757,1.003177,1.002222
GreenSky Inc,5/24/2018,17795,1/17/2019,0.007333,0.007082,0.007591,,,1.007333,1.007082,1.007591
GreenSky Inc,5/24/2018,17795,1/18/2019,0.00182,0.012032,0.013183,,,1.00182,1.012032,1.013183
GreenSky Inc,5/24/2018,17795,1/22/2019,-0.000908,-0.01415,-0.014157,,,0.999092,0.98585,0.985843
GreenSky Inc,5/24/2018,17795,1/23/2019,0.008182,0.001313,0.002203,,,1.008182,1.001313,1.002203
GreenSky Inc,5/24/2018,17795,1/24/2019,0.004509,0.002789,0.001376,,,1.004509,1.002789,1.001376
GreenSky Inc,5/24/2018,17795,1/25/2019,0.017056,0.009553,0.008489,0.195148008,8,1.017056,1.009553,1.008489
GreenSky Inc,5/24/2018,17795,1/28/2019,-0.029126,-0.006493,-0.007847,,,0.970874,0.993507,0.992153
GreenSky Inc,5/24/2018,17795,1/29/2019,-0.002727,-0.000918,-0.001456,,,0.997273,0.999082,0.998544
GreenSky Inc,5/24/2018,17795,1/30/2019,-0.001823,0.014357,0.015549,,,0.998177,1.014357,1.015549
GreenSky Inc,5/24/2018,17795,1/31/2019,0.004566,0.008467,0.008597,,,1.004566,1.008467,1.008597
GreenSky Inc,5/24/2018,17795,2/1/2019,-0.002727,0.001418,0.000899,,,0.997273,1.001418,1.000899
GreenSky Inc,5/24/2018,17795,2/4/2019,0.013674,0.006692,0.006776,,,1.013674,1.006692,1.006776
GreenSky Inc,5/24/2018,17795,2/5/2019,0.008094,0.004392,0.004708,,,1.008094,1.004392,1.004708
GreenSky Inc,5/24/2018,17795,2/6/2019,-0.000892,-0.002529,-0.002224,,,0.999108,0.997471,0.997776
GreenSky Inc,5/24/2018,17795,2/7/2019,-0.035714,-0.008815,-0.009357,,,0.964286,0.991185,0.990643
GreenSky Inc,5/24/2018,17795,2/8/2019,0.023148,0.000651,0.000676,,,1.023148,1.000651,1.000676
GreenSky Inc,5/24/2018,17795,2/11/2019,0.028054,0.001262,0.000709,,,1.028054,1.001262,1.000709
GreenSky Inc,5/24/2018,17795,2/12/2019,-0.09419,0.012367,0.01289,,,0.90581,1.012367,1.01289
GreenSky Inc,5/24/2018,17795,2/13/2019,0.019436,0.002782,0.003024,,,1.019436,1.002782,1.003024
GreenSky Inc,5/24/2018,17795,2/14/2019,-0.001907,-0.001423,-0.002652,,,0.998093,0.998577,0.997348
GreenSky Inc,5/24/2018,17795,2/15/2019,-0.00382,0.010835,0.010879,,,0.99618,1.010835,1.010879
GreenSky Inc,5/24/2018,17795,2/19/2019,0.001917,0.002351,0.001499,,,1.001917,1.002351,1.001499
GreenSky Inc,5/24/2018,17795,2/20/2019,0.002871,0.002105,0.001777,,,1.002871,1.002105,1.001777
GreenSky Inc,5/24/2018,17795,2/21/2019,-0.010496,-0.003534,-0.003526,,,0.989504,0.996466,0.996474
GreenSky Inc,5/24/2018,17795,2/22/2019,0.012536,0.006367,0.006411,,,1.012536,1.006367,1.006411
GreenSky Inc,5/24/2018,17795,2/25/2019,-0.008571,0.001355,0.001232,,,0.991429,1.001355,1.001232
GreenSky Inc,5/24/2018,17795,2/26/2019,0.028818,-0.001496,-0.00079,-0.026362929,9,1.028818,0.998504,0.99921
GreenSky Inc,5/24/2018,17795,2/27/2019,-0.002801,0.000503,-0.000544,,,0.997199,1.000503,0.999456
GreenSky Inc,5/24/2018,17795,2/28/2019,0.058052,-0.002832,-0.002826,,,1.058052,0.997168,0.997174
GreenSky Inc,5/24/2018,17795,3/1/2019,0.027434,0.006074,0.006895,,,1.027434,1.006074,1.006895
GreenSky Inc,5/24/2018,17795,3/4/2019,-0.020672,-0.004235,-0.003881,,,0.979328,0.995765,0.996119
GreenSky Inc,5/24/2018,17795,3/5/2019,0.067722,-0.00132,-0.001131,,,1.067722,0.99868,0.998869
GreenSky Inc,5/24/2018,17795,3/6/2019,0.084843,-0.007768,-0.006524,,,1.084843,0.992232,0.993476
GreenSky Inc,5/24/2018,17795,3/7/2019,-0.047077,-0.007494,-0.008126,,,0.952923,0.992506,0.991874
GreenSky Inc,5/24/2018,17795,3/8/2019,0.020717,-0.0019,-0.002132,,,1.020717,0.9981,0.997868
GreenSky Inc,5/24/2018,17795,3/11/2019,0.028103,0.014348,0.014666,,,1.028103,1.014348,1.014666
GreenSky Inc,5/24/2018,17795,3/12/2019,-0.012908,0.002743,0.002953,,,0.987092,1.002743,1.002953
GreenSky Inc,5/24/2018,17795,3/13/2019,-0.003077,0.006419,0.00695,,,0.996923,1.006419,1.00695
GreenSky Inc,5/24/2018,17795,3/14/2019,-0.010031,-0.000989,-0.000868,,,0.989969,0.999011,0.999132
GreenSky Inc,5/24/2018,17795,3/15/2019,0.038192,0.004549,0.004985,,,1.038192,1.004549,1.004985
GreenSky Inc,5/24/2018,17795,3/18/2019,-0.012763,0.004449,0.003706,,,0.987237,1.004449,1.003706
GreenSky Inc,5/24/2018,17795,3/19/2019,0.012167,-0.000676,-0.000131,,,1.012167,0.999324,0.999869
GreenSky Inc,5/24/2018,17795,3/20/2019,-0.016529,-0.003146,-0.002944,,,0.983471,0.996854,0.997056
GreenSky Inc,5/24/2018,17795,3/21/2019,0.033613,0.010294,0.010853,,,1.033613,1.010294,1.010853
GreenSky Inc,5/24/2018,17795,3/22/2019,-0.04952,-0.020352,-0.018975,,,0.95048,0.979648,0.981025
GreenSky Inc,5/24/2018,17795,3/25/2019,-0.025661,-0.000328,-0.000839,,,0.974339,0.999672,0.999161
GreenSky Inc,5/24/2018,17795,3/26/2019,0.01676,0.007719,0.007183,,,1.01676,1.007719,1.007183
GreenSky Inc,5/24/2018,17795,3/27/2019,-0.00157,-0.004686,-0.004644,0.191008242,10,0.99843,0.995314,0.995356
GreenSky Inc,5/24/2018,17795,3/28/2019,0.014937,0.004111,0.00359,,,1.014937,1.004111,1.00359
GreenSky Inc,5/24/2018,17795,3/29/2019,0.002324,0.006019,0.006734,,,1.002324,1.006019,1.006734
GreenSky Inc,5/24/2018,17795,4/1/2019,0.020866,0.011239,0.011569,,,1.020866,1.011239,1.011569
GreenSky Inc,5/24/2018,17795,4/2/2019,-0.004542,-0.000146,0.000017,,,0.995458,0.999854,1.000017
GreenSky Inc,5/24/2018,17795,4/3/2019,-0.004563,0.002548,0.002148,,,0.995437,1.002548,1.002148
GreenSky Inc,5/24/2018,17795,4/4/2019,-0.016807,0.001939,0.002085,,,0.983193,1.001939,1.002085
GreenSky Inc,5/24/2018,17795,4/5/2019,0.013209,0.005114,0.004636,,,1.013209,1.005114,1.004636
GreenSky Inc,5/24/2018,17795,4/8/2019,0.003067,0.001042,0.001047,,,1.003067,1.001042,1.001047
GreenSky Inc,5/24/2018,17795,4/9/2019,0.022936,-0.006282,-0.006067,,,1.022936,0.993718,0.993933
GreenSky Inc,5/24/2018,17795,4/10/2019,0.013453,0.004781,0.003478,,,1.013453,1.004781,1.003478
GreenSky Inc,5/24/2018,17795,4/11/2019,0.036873,-0.000123,0.000038,,,1.036873,0.999877,1.000038
GreenSky Inc,5/24/2018,17795,4/12/2019,-0.003556,0.006427,0.006609,,,0.996444,1.006427,1.006609
GreenSky Inc,5/24/2018,17795,4/15/2019,0.023555,-0.001019,-0.000629,,,1.023555,0.998981,0.999371
GreenSky Inc,5/24/2018,17795,4/16/2019,0.040446,0.000713,0.000509,,,1.040446,1.000713,1.000509
GreenSky Inc,5/24/2018,17795,4/17/2019,0.002681,-0.003057,-0.002274,,,1.002681,0.996943,0.997726
GreenSky Inc,5/24/2018,17795,4/18/2019,0.018048,0.001078,0.001579,,,1.018048,1.001078,1.001579
GreenSky Inc,5/24/2018,17795,4/22/2019,0.011819,0.00055,0.001012,,,1.011819,1.00055,1.001012
GreenSky Inc,5/24/2018,17795,4/23/2019,0.003894,0.008919,0.008841,,,1.003894,1.008919,1.008841
GreenSky Inc,5/24/2018,17795,4/24/2019,-0.001293,-0.002067,-0.002192,,,0.998707,0.997933,0.997808
GreenSky Inc,5/24/2018,17795,4/25/2019,-0.003883,-0.001464,-0.000369,,,0.996117,0.998536,0.999631
GreenSky Inc,5/24/2018,17795,4/26/2019,0.021442,0.005368,0.004685,0.217661297,11,1.021442,1.005368,1.004685
GreenSky Inc,5/24/2018,17795,4/29/2019,0.021628,0.001457,0.001071,,,1.021628,1.001457,1.001071
GreenSky Inc,5/24/2018,17795,4/30/2019,-0.004981,0.000358,0.000951,,,0.995019,1.000358,1.000951
GreenSky Inc,5/24/2018,17795,5/1/2019,-0.009387,-0.007552,-0.007502,,,0.990613,0.992448,0.992498
GreenSky Inc,5/24/2018,17795,5/2/2019,-0.039798,-0.00167,-0.002124,,,0.960202,0.99833,0.997876
GreenSky Inc,5/24/2018,17795,5/3/2019,-0.020395,0.010903,0.009638,,,0.979605,1.010903,1.009638
GreenSky Inc,5/24/2018,17795,5/6/2019,-0.000672,-0.003819,-0.004471,,,0.999328,0.996181,0.995529
GreenSky Inc,5/24/2018,17795,5/7/2019,-0.047715,-0.016138,-0.016512,,,0.952285,0.983862,0.983488
GreenSky Inc,5/24/2018,17795,5/8/2019,-0.027523,-0.001604,-0.001605,,,0.972477,0.998396,0.998395
GreenSky Inc,5/24/2018,17795,5/9/2019,-0.055152,-0.002762,-0.003021,,,0.944848,0.997238,0.996979
GreenSky Inc,5/24/2018,17795,5/10/2019,0.03149,0.004061,0.00372,,,1.03149,1.004061,1.00372
GreenSky Inc,5/24/2018,17795,5/13/2019,-0.055101,-0.02449,-0.024131,,,0.944899,0.97551,0.975869
GreenSky Inc,5/24/2018,17795,5/14/2019,0.020489,0.008972,0.008016,,,1.020489,1.008972,1.008016
GreenSky Inc,5/24/2018,17795,5/15/2019,-0.107336,0.005735,0.005839,,,0.892664,1.005735,1.005839
GreenSky Inc,5/24/2018,17795,5/16/2019,-0.029412,0.008466,0.008895,,,0.970588,1.008466,1.008895
GreenSky Inc,5/24/2018,17795,5/17/2019,0.010695,-0.006777,-0.005837,,,1.010695,0.993223,0.994163
GreenSky Inc,5/24/2018,17795,5/20/2019,-0.005291,-0.006482,-0.006749,,,0.994709,0.993518,0.993251
GreenSky Inc,5/24/2018,17795,5/21/2019,0.011525,0.008936,0.008496,,,1.011525,1.008936,1.008496
GreenSky Inc,5/24/2018,17795,5/22/2019,-0.035933,-0.003791,-0.002824,,,0.964067,0.996209,0.997176
GreenSky Inc,5/24/2018,17795,5/23/2019,-0.023636,-0.012685,-0.011914,,,0.976364,0.987315,0.988086
GreenSky Inc,5/24/2018,17795,5/24/2019,0.014898,0.002769,0.001354,,,1.014898,1.002769,1.001354
GreenSky Inc,5/24/2018,17795,5/28/2019,0.008257,-0.007504,-0.008376,-0.315690825,12,1.008257,0.992496,0.991624
GreenSky Inc,5/24/2018,17795,5/29/2019,-0.009099,-0.00689,-0.006912,,,0.990901,0.99311,0.993088
GreenSky Inc,5/24/2018,17795,5/30/2019,0.054178,0.001395,0.002098,,,1.054178,1.001395,1.002098
GreenSky Inc,5/24/2018,17795,5/31/2019,-0.034843,-0.011731,-0.013195,,,0.965157,0.988269,0.986805
GreenSky Inc,5/24/2018,17795,6/3/2019,-0.004513,-0.002132,-0.002765,,,0.995487,0.997868,0.997235
GreenSky Inc,5/24/2018,17795,6/4/2019,0.057117,0.020888,0.021432,,,1.057117,1.020888,1.021432
GreenSky Inc,5/24/2018,17795,6/5/2019,0.01801,0.00648,0.008162,,,1.01801,1.00648,1.008162
GreenSky Inc,5/24/2018,17795,6/6/2019,-0.005055,0.005135,0.006136,,,0.994945,1.005135,1.006136
GreenSky Inc,5/24/2018,17795,6/7/2019,0.03387,0.009671,0.010498,,,1.03387,1.009671,1.010498
GreenSky Inc,5/24/2018,17795,6/10/2019,0.022113,0.004786,0.00466,,,1.022113,1.004786,1.00466
GreenSky Inc,5/24/2018,17795,6/11/2019,0.009615,-0.000587,-0.00035,,,1.009615,0.999413,0.99965
GreenSky Inc,5/24/2018,17795,6/12/2019,-0.004762,-0.001895,-0.002038,,,0.995238,0.998105,0.997962
GreenSky Inc,5/24/2018,17795,6/13/2019,0.027911,0.004882,0.004097,,,1.027911,1.004882,1.004097
GreenSky Inc,5/24/2018,17795,6/14/2019,-0.006982,-0.002723,-0.001612,,,0.993018,0.997277,0.998388
GreenSky Inc,5/24/2018,17795,6/17/2019,-0.011719,0.001583,0.000932,,,0.988281,1.001583,1.000932
GreenSky Inc,5/24/2018,17795,6/18/2019,0.009486,0.009988,0.009717,,,1.009486,1.009988,1.009717
GreenSky Inc,5/24/2018,17795,6/19/2019,0.009397,0.003742,0.002985,,,1.009397,1.003742,1.002985
GreenSky Inc,5/24/2018,17795,6/20/2019,0.022498,0.008794,0.009472,,,1.022498,1.008794,1.009472
GreenSky Inc,5/24/2018,17795,6/21/2019,-0.003035,-0.00248,-0.001259,,,0.996965,0.99752,0.998741
GreenSky Inc,5/24/2018,17795,6/24/2019,-0.01446,-0.002898,-0.001732,,,0.98554,0.997102,0.998268
GreenSky Inc,5/24/2018,17795,6/25/2019,-0.064093,-0.008983,-0.009496,,,0.935907,0.991017,0.990504
GreenSky Inc,5/24/2018,17795,6/26/2019,0.0033,-0.00103,-0.001234,0.116618462,13,1.0033,0.99897,0.998766
GreenSky Inc,5/24/2018,17795,6/27/2019,-0.055099,0.005851,0.003823,,,0.944901,1.005851,1.003823
GreenSky Inc,5/24/2018,17795,6/28/2019,0.069626,0.006661,0.005757,,,1.069626,1.006661,1.005757
GreenSky Inc,5/24/2018,17795,7/1/2019,-0.084622,0.006666,0.007672,,,0.915378,1.006666,1.007672
GreenSky Inc,5/24/2018,17795,7/2/2019,0.006222,0.002012,0.002928,,,1.006222,1.002012,1.002928
GreenSky Inc,5/24/2018,17795,7/3/2019,-0.000883,0.007696,0.007672,,,0.999117,1.007696,1.007672
GreenSky Inc,5/24/2018,17795,7/5/2019,0.002652,-0.001125,-0.001806,,,1.002652,0.998875,0.998194
GreenSky Inc,5/24/2018,17795,7/8/2019,0.000882,-0.005365,-0.004835,,,1.000882,0.994635,0.995165
GreenSky Inc,5/24/2018,17795,7/9/2019,0.013216,0.001762,0.001237,,,1.013216,1.001762,1.001237
GreenSky Inc,5/24/2018,17795,7/10/2019,-0.006957,0.004054,0.004511,,,0.993043,1.004054,1.004511
GreenSky Inc,5/24/2018,17795,7/11/2019,0.016637,0.001232,0.002285,,,1.016637,1.001232,1.002285
GreenSky Inc,5/24/2018,17795,7/12/2019,0.014643,0.004673,0.00462,,,1.014643,1.004673,1.00462
GreenSky Inc,5/24/2018,17795,7/15/2019,-0.033956,-0.000159,0.000176,,,0.966044,0.999841,1.000176
GreenSky Inc,5/24/2018,17795,7/16/2019,0.038664,-0.002952,-0.003404,,,1.038664,0.997048,0.996596
GreenSky Inc,5/24/2018,17795,7/17/2019,0.050761,-0.005594,-0.006531,,,1.050761,0.994406,0.993469
GreenSky Inc,5/24/2018,17795,7/18/2019,-0.003221,0.003364,0.003582,,,0.996779,1.003364,1.003582
GreenSky Inc,5/24/2018,17795,7/19/2019,-0.004847,-0.005612,-0.006177,,,0.995153,0.994388,0.993823
GreenSky Inc,5/24/2018,17795,7/22/2019,0.033279,0.002286,0.002829,,,1.033279,1.002286,1.002829
GreenSky Inc,5/24/2018,17795,7/23/2019,0.019639,0.00625,0.006848,,,1.019639,1.00625,1.006848
GreenSky Inc,5/24/2018,17795,7/24/2019,-0.009245,0.006008,0.004688,,,0.990755,1.006008,1.004688
GreenSky Inc,5/24/2018,17795,7/25/2019,-0.041213,-0.006384,-0.005262,,,0.958787,0.993616,0.994738
GreenSky Inc,5/24/2018,17795,7/26/2019,-0.018654,0.007304,0.007388,0.053086939,14,0.981346,1.007304,1.007388
GreenSky Inc,5/24/2018,17795,7/29/2019,-0.029752,-0.002677,-0.001616,,,0.970248,0.997323,0.998384
GreenSky Inc,5/24/2018,17795,7/30/2019,0.006814,-0.001279,-0.002579,,,1.006814,0.998721,0.997421
GreenSky Inc,5/24/2018,17795,7/31/2019,-0.032995,-0.009979,-0.010886,,,0.967005,0.990021,0.989114
GreenSky Inc,5/24/2018,17795,8/1/2019,-0.026247,-0.009219,-0.008999,,,0.973753,0.990781,0.991001
GreenSky Inc,5/24/2018,17795,8/2/2019,-0.031447,-0.007805,-0.007283,,,0.968553,0.992195,0.992717
GreenSky Inc,5/24/2018,17795,8/5/2019,-0.037106,-0.028423,-0.029778,,,0.962894,0.971577,0.970222
GreenSky Inc,5/24/2018,17795,8/6/2019,-0.343931,0.0119,0.013017,,,0.656069,1.0119,1.013017
GreenSky Inc,5/24/2018,17795,8/7/2019,0.014684,0.001289,0.000767,,,1.014684,1.001289,1.000767
GreenSky Inc,5/24/2018,17795,8/8/2019,0.099855,0.01853,0.018762,,,1.099855,1.01853,1.018762
GreenSky Inc,5/24/2018,17795,8/9/2019,-0.003947,-0.007192,-0.006617,,,0.996053,0.992808,0.993383
GreenSky Inc,5/24/2018,17795,8/12/2019,-0.044914,-0.012019,-0.012184,,,0.955086,0.987981,0.987816
GreenSky Inc,5/24/2018,17795,8/13/2019,0.048409,0.013317,0.014994,,,1.048409,1.013317,1.014994
GreenSky Inc,5/24/2018,17795,8/14/2019,-0.027704,-0.027826,-0.029293,,,0.972296,0.972174,0.970707
GreenSky Inc,5/24/2018,17795,8/15/2019,-0.028494,0.001777,0.002464,,,0.971506,1.001777,1.002464
GreenSky Inc,5/24/2018,17795,8/16/2019,-0.005587,0.014891,0.014426,,,0.994413,1.014891,1.014426
GreenSky Inc,5/24/2018,17795,8/19/2019,0.016854,0.010675,0.012106,,,1.016854,1.010675,1.012106
GreenSky Inc,5/24/2018,17795,8/20/2019,0.001381,-0.006749,-0.007915,,,1.001381,0.993251,0.992085
GreenSky Inc,5/24/2018,17795,8/21/2019,0,0.007927,0.008247,,,1,1.007927,1.008247
GreenSky Inc,5/24/2018,17795,8/22/2019,0.006897,-0.00101,-0.000506,,,1.006897,0.99899,0.999494
GreenSky Inc,5/24/2018,17795,8/23/2019,-0.034247,-0.024254,-0.025946,,,0.965753,0.975746,0.974054
GreenSky Inc,5/24/2018,17795,8/26/2019,-0.007092,0.009977,0.010983,-0.403749267,15,0.992908,1.009977,1.010983
GreenSky Inc,5/24/2018,17795,8/27/2019,-0.024286,-0.003859,-0.003203,,,0.975714,0.996141,0.996797
GreenSky Inc,5/24/2018,17795,8/28/2019,-0.001464,0.006323,0.006545,,,0.998536,1.006323,1.006545
GreenSky Inc,5/24/2018,17795,8/29/2019,-0.008798,0.012551,0.012687,,,0.991202,1.012551,1.012687
GreenSky Inc,5/24/2018,17795,8/30/2019,0.005917,0.000647,0.000643,,,1.005917,1.000647,1.000643
GreenSky Inc,5/24/2018,17795,9/3/2019,-0.019118,-0.0072,-0.006899,,,0.980882,0.9928,0.993101
GreenSky Inc,5/24/2018,17795,9/4/2019,0.043478,0.010731,0.010842,,,1.043478,1.010731,1.010842
GreenSky Inc,5/24/2018,17795,9/5/2019,0.024425,0.012384,0.01301,,,1.024425,1.012384,1.01301
GreenSky Inc,5/24/2018,17795,9/6/2019,-0.042076,0.00027,0.000911,,,0.957924,1.00027,1.000911
GreenSky Inc,5/24/2018,17795,9/9/2019,0.04978,0.000597,-0.000094,,,1.04978,1.000597,0.999906
GreenSky Inc,5/24/2018,17795,9/10/2019,0.002789,0.001209,0.000322,,,1.002789,1.001209,1.000322
GreenSky Inc,5/24/2018,17795,9/11/2019,-0.043115,0.008121,0.00723,,,0.956885,1.008121,1.00723
GreenSky Inc,5/24/2018,17795,9/12/2019,0.034884,0.002394,0.002879,,,1.034884,1.002394,1.002879
GreenSky Inc,5/24/2018,17795,9/13/2019,0.042135,-0.000402,-0.000724,,,1.042135,0.999598,0.999276
GreenSky Inc,5/24/2018,17795,9/16/2019,0.078167,-0.001251,-0.003136,,,1.078167,0.998749,0.996864
GreenSky Inc,5/24/2018,17795,9/17/2019,-0.05125,0.002169,0.002582,,,0.94875,1.002169,1.002582
GreenSky Inc,5/24/2018,17795,9/18/2019,-0.01581,-0.000724,0.000343,,,0.98419,0.999276,1.000343
GreenSky Inc,5/24/2018,17795,9/19/2019,0.01071,-0.000145,0.00002,,,1.01071,0.999855,1.00002
GreenSky Inc,5/24/2018,17795,9/20/2019,-0.046358,-0.004082,-0.004896,,,0.953642,0.995918,0.995104
GreenSky Inc,5/24/2018,17795,9/23/2019,-0.029167,-0.000094,-0.000097,,,0.970833,0.999906,0.999903
GreenSky Inc,5/24/2018,17795,9/24/2019,-0.04578,-0.009181,-0.008416,,,0.95422,0.990819,0.991584
GreenSky Inc,5/24/2018,17795,9/25/2019,0.008995,0.005652,0.006159,-0.014643581,16,1.008995,1.005652,1.006159
GreenSky Inc,5/24/2018,17795,9/26/2019,-0.046062,-0.003072,-0.002429,,,0.953938,0.996928,0.997571
GreenSky Inc,5/24/2018,17795,9/27/2019,-0.000779,-0.005689,-0.005316,,,0.999221,0.994311,0.994684
GreenSky Inc,5/24/2018,17795,9/30/2019,0.06703,0.004452,0.005048,,,1.06703,1.004452,1.005048
GreenSky Inc,5/24/2018,17795,10/1/2019,-0.038714,-0.012535,-0.012258,,,0.961286,0.987465,0.987742
GreenSky Inc,5/24/2018,17795,10/2/2019,0.014438,-0.016124,-0.017903,,,1.014438,0.983876,0.982097
GreenSky Inc,5/24/2018,17795,10/3/2019,-0.017229,0.007636,0.007972,,,0.982771,1.007636,1.007972
GreenSky Inc,5/24/2018,17795,10/4/2019,0.053354,0.012663,0.014217,,,1.053354,1.012663,1.014217
GreenSky Inc,5/24/2018,17795,10/7/2019,0.004342,-0.003916,-0.004478,,,1.004342,0.996084,0.995522
GreenSky Inc,5/24/2018,17795,10/8/2019,-0.041066,-0.015075,-0.015561,,,0.958934,0.984925,0.984439
GreenSky Inc,5/24/2018,17795,10/9/2019,0.015026,0.008366,0.009105,,,1.015026,1.008366,1.009105
GreenSky Inc,5/24/2018,17795,10/10/2019,0.002221,0.005609,0.006416,,,1.002221,1.005609,1.006416
GreenSky Inc,5/24/2018,17795,10/11/2019,0.078287,0.011399,0.010939,,,1.078287,1.011399,1.010939
GreenSky Inc,5/24/2018,17795,10/14/2019,-0.034247,-0.001618,-0.001387,,,0.965753,0.998382,0.998613
GreenSky Inc,5/24/2018,17795,10/15/2019,0.048227,0.009102,0.009956,,,1.048227,1.009102,1.009956
GreenSky Inc,5/24/2018,17795,10/16/2019,-0.002706,-0.001892,-0.002,,,0.997294,0.998108,0.998
GreenSky Inc,5/24/2018,17795,10/17/2019,0,0.00369,0.002763,,,1,1.00369,1.002763
GreenSky Inc,5/24/2018,17795,10/18/2019,0.023066,-0.003714,-0.003919,,,1.023066,0.996286,0.996081
GreenSky Inc,5/24/2018,17795,10/21/2019,0.007958,0.006672,0.006872,,,1.007958,1.006672,1.006872
GreenSky Inc,5/24/2018,17795,10/22/2019,-0.063158,-0.003284,-0.003569,,,0.936842,0.996716,0.996431
GreenSky Inc,5/24/2018,17795,10/23/2019,0.022472,0.002377,0.002847,,,1.022472,1.002377,1.002847
GreenSky Inc,5/24/2018,17795,10/24/2019,0.017857,0.002351,0.00192,0.154206759,17,1.017857,1.002351,1.00192
GreenSky Inc,5/24/2018,17795,10/25/2019,0.035088,0.004071,0.004073,,,1.035088,1.004071,1.004073
GreenSky Inc,5/24/2018,17795,10/28/2019,0.025424,0.005234,0.005581,,,1.025424,1.005234,1.005581
GreenSky Inc,5/24/2018,17795,10/29/2019,-0.006993,-0.000574,-0.000832,,,0.993007,0.999426,0.999168
GreenSky Inc,5/24/2018,17795,10/30/2019,-0.007682,0.00278,0.003253,,,0.992318,1.00278,1.003253
GreenSky Inc,5/24/2018,17795,10/31/2019,-0.012903,-0.00348,-0.003023,,,0.987097,0.99652,0.996977
GreenSky Inc,5/24/2018,17795,11/1/2019,0.005882,0.010212,0.009662,,,1.005882,1.010212,1.009662
GreenSky Inc,5/24/2018,17795,11/4/2019,0.00065,0.003762,0.003704,,,1.00065,1.003762,1.003704
GreenSky Inc,5/24/2018,17795,11/5/2019,-0.071429,-0.001073,-0.001186,,,0.928571,0.998927,0.998814
GreenSky Inc,5/24/2018,17795,11/6/2019,0.011189,-0.000325,0.000703,,,1.011189,0.999675,1.000703
GreenSky Inc,5/24/2018,17795,11/7/2019,0.07953,0.002842,0.00273,,,1.07953,1.002842,1.00273
GreenSky Inc,5/24/2018,17795,11/8/2019,-0.000641,0.002642,0.002561,,,0.999359,1.002642,1.002561
GreenSky Inc,5/24/2018,17795,11/11/2019,-0.034615,-0.001637,-0.001962,,,0.965385,0.998363,0.998038
GreenSky Inc,5/24/2018,17795,11/12/2019,-0.007968,0.001141,0.001565,,,0.992032,1.001141,1.001565
GreenSky Inc,5/24/2018,17795,11/13/2019,0.02008,0.000337,0.000712,,,1.02008,1.000337,1.000712
GreenSky Inc,5/24/2018,17795,11/14/2019,0.015748,0.000987,0.000837,,,1.015748,1.000987,1.000837
GreenSky Inc,5/24/2018,17795,11/15/2019,-0.060723,0.007074,0.007695,,,0.939277,1.007074,1.007695
GreenSky Inc,5/24/2018,17795,11/18/2019,0.020633,0.000148,0.000503,,,1.020633,1.000148,1.000503
GreenSky Inc,5/24/2018,17795,11/19/2019,0.004043,0.000027,-0.000593,,,1.004043,1.000027,0.999407
GreenSky Inc,5/24/2018,17795,11/20/2019,-0.045638,-0.002962,-0.003756,,,0.954362,0.997038,0.996244
GreenSky Inc,5/24/2018,17795,11/21/2019,0.018284,-0.001708,-0.001583,,,1.018284,0.998292,0.998417
GreenSky Inc,5/24/2018,17795,11/22/2019,0.026243,0.00202,0.002175,-0.031290114,18,1.026243,1.00202,1.002175
GreenSky Inc,5/24/2018,17795,11/25/2019,0.005384,0.00856,0.007507,,,1.005384,1.00856,1.007507
GreenSky Inc,5/24/2018,17795,11/26/2019,0.001339,0.002218,0.002196,,,1.001339,1.002218,1.002196
GreenSky Inc,5/24/2018,17795,11/27/2019,-0.006685,0.00432,0.004174,,,0.993315,1.00432,1.004174
GreenSky Inc,5/24/2018,17795,11/29/2019,0.001346,-0.004045,-0.004011,,,1.001346,0.995955,0.995989
GreenSky Inc,5/24/2018,17795,12/2/2019,-0.022849,-0.008547,-0.008631,,,0.977151,0.991453,0.991369
GreenSky Inc,5/24/2018,17795,12/3/2019,0.001376,-0.005643,-0.006638,,,1.001376,0.994357,0.993362
GreenSky Inc,5/24/2018,17795,12/4/2019,-0.005495,0.00603,0.006324,,,0.994505,1.00603,1.006324
GreenSky Inc,5/24/2018,17795,12/5/2019,-0.037293,0.001102,0.0015,,,0.962707,1.001102,1.0015
GreenSky Inc,5/24/2018,17795,12/6/2019,0,0.008432,0.009136,,,1,1.008432,1.009136
GreenSky Inc,5/24/2018,17795,12/9/2019,0.014347,-0.0027,-0.003163,,,1.014347,0.9973,0.996837
GreenSky Inc,5/24/2018,17795,12/10/2019,-0.019802,-0.000696,-0.001097,,,0.980198,0.999304,0.998903
GreenSky Inc,5/24/2018,17795,12/11/2019,-0.015873,0.00274,0.002908,,,0.984127,1.00274,1.002908
GreenSky Inc,5/24/2018,17795,12/12/2019,0.026393,0.007859,0.008575,,,1.026393,1.007859,1.008575
GreenSky Inc,5/24/2018,17795,12/13/2019,0.028571,0.000027,0.000073,,,1.028571,1.000027,1.000073
GreenSky Inc,5/24/2018,17795,12/16/2019,0.011111,0.007073,0.007148,,,1.011111,1.007073,1.007148
GreenSky Inc,5/24/2018,17795,12/17/2019,0.019231,0.000547,0.000335,,,1.019231,1.000547,1.000335
GreenSky Inc,5/24/2018,17795,12/18/2019,0.037736,0.000228,-0.000432,,,1.037736,1.000228,0.999568
GreenSky Inc,5/24/2018,17795,12/19/2019,0.112987,0.004192,0.004459,,,1.112987,1.004192,1.004459
GreenSky Inc,5/24/2018,17795,12/20/2019,0.064177,0.004534,0.004945,,,1.064177,1.004534,1.004945
GreenSky Inc,5/24/2018,17795,12/23/2019,0.008772,0.000956,0.000866,,,1.008772,1.000956,1.000866
GreenSky Inc,5/24/2018,17795,12/24/2019,-0.018478,0.00038,-0.000195,0.208835144,19,0.981522,1.00038,0.999805
GreenSky Inc,5/24/2018,17795,12/26/2019,0.01938,0.004616,0.005128,,,1.01938,1.004616,1.005128
GreenSky Inc,5/24/2018,17795,12/27/2019,-0.009234,-0.000643,0.000034,,,0.990766,0.999357,1.000034
GreenSky Inc,5/24/2018,17795,12/30/2019,-0.003289,-0.005105,-0.005781,,,0.996711,0.994895,0.994219
GreenSky Inc,5/24/2018,17795,12/31/2019,-0.020902,0.002964,0.002946,,,0.979098,1.002964,1.002946
GreenSky Inc,5/24/2018,17795,1/2/2020,-0.007865,0.007412,0.008379,,,0.992135,1.007412,1.008379
GreenSky Inc,5/24/2018,17795,1/3/2020,-0.030578,-0.005828,-0.00706,,,0.969422,0.994172,0.99294
GreenSky Inc,5/24/2018,17795,1/6/2020,-0.028037,0.003269,0.003533,,,0.971963,1.003269,1.003533
GreenSky Inc,5/24/2018,17795,1/7/2020,-0.038462,-0.002147,-0.002803,,,0.961538,0.997853,0.997197
GreenSky Inc,5/24/2018,17795,1/8/2020,-0.01,0.004028,0.004902,,,0.99,1.004028,1.004902
GreenSky Inc,5/24/2018,17795,1/9/2020,0.016414,0.005831,0.006655,,,1.016414,1.005831,1.006655
GreenSky Inc,5/24/2018,17795,1/10/2020,-0.004969,-0.002578,-0.002855,,,0.995031,0.997422,0.997145
GreenSky Inc,5/24/2018,17795,1/13/2020,0.029963,0.007077,0.006976,,,1.029963,1.007077,1.006976
GreenSky Inc,5/24/2018,17795,1/14/2020,0.025455,-0.000394,-0.001515,,,1.025455,0.999606,0.998485
GreenSky Inc,5/24/2018,17795,1/15/2020,0.033097,0.001938,0.00187,,,1.033097,1.001938,1.00187
GreenSky Inc,5/24/2018,17795,1/16/2020,0.045767,0.008389,0.008367,,,1.045767,1.008389,1.008367
GreenSky Inc,5/24/2018,17795,1/17/2020,-0.017506,0.002523,0.003862,,,0.982494,1.002523,1.003862
GreenSky Inc,5/24/2018,17795,1/21/2020,-0.046771,-0.003027,-0.002652,,,0.953229,0.996973,0.997348
GreenSky Inc,5/24/2018,17795,1/22/2020,0.122079,0.000376,0.000289,,,1.122079,1.000376,1.000289
GreenSky Inc,5/24/2018,17795,1/23/2020,-0.047371,0.001,0.001141,,,0.952629,1.001,1.001141
GreenSky Inc,5/24/2018,17795,1/24/2020,-0.012022,-0.008836,-0.009042,,,0.987978,0.991164,0.990958
GreenSky Inc,5/24/2018,17795,1/27/2020,-0.040929,-0.014872,-0.015731,-0.058120241,20,0.959071,0.985128,0.984269
GreenSky Inc,5/24/2018,17795,1/28/2020,0.032295,0.009614,0.010054,,,1.032295,1.009614,1.010054
GreenSky Inc,5/24/2018,17795,1/29/2020,0.040224,-0.00116,-0.000867,,,1.040224,0.99884,0.999133
GreenSky Inc,5/24/2018,17795,1/30/2020,0.009667,0.00278,0.003134,,,1.009667,1.00278,1.003134
GreenSky Inc,5/24/2018,17795,1/31/2020,-0.015957,-0.016642,-0.017706,,,0.984043,0.983358,0.982294
GreenSky Inc,5/24/2018,17795,2/3/2020,0.035676,0.007562,0.007255,,,1.035676,1.007562,1.007255
GreenSky Inc,5/24/2018,17795,2/4/2020,0.003131,0.014853,0.01498,,,1.003131,1.014853,1.01498
GreenSky Inc,5/24/2018,17795,2/5/2020,-0.043704,0.009336,0.011251,,,0.956296,1.009336,1.011251
GreenSky Inc,5/24/2018,17795,2/6/2020,-0.002176,0.002601,0.003326,,,0.997824,1.002601,1.003326
GreenSky Inc,5/24/2018,17795,2/7/2020,-0.02181,-0.005527,-0.005401,,,0.97819,0.994473,0.994599
GreenSky Inc,5/24/2018,17795,2/10/2020,-0.028986,0.006756,0.007326,,,0.971014,1.006756,1.007326
GreenSky Inc,5/24/2018,17795,2/11/2020,0.02124,0.003402,0.001688,,,1.02124,1.003402,1.001688
GreenSky Inc,5/24/2018,17795,2/12/2020,0.007307,0.006406,0.006463,,,1.007307,1.006406,1.006463
GreenSky Inc,5/24/2018,17795,2/13/2020,-0.002232,-0.000773,-0.00163,,,0.997768,0.999227,0.99837
GreenSky Inc,5/24/2018,17795,2/14/2020,0.004474,0.00166,0.001844,,,1.004474,1.00166,1.001844
GreenSky Inc,5/24/2018,17795,2/18/2020,-0.011136,-0.001944,-0.00292,,,0.988864,0.998056,0.99708
GreenSky Inc,5/24/2018,17795,2/19/2020,-0.003378,0.005179,0.004706,,,0.996622,1.005179,1.004706
GreenSky Inc,5/24/2018,17795,2/20/2020,0,-0.002604,-0.003816,,,1,0.997396,0.996184
GreenSky Inc,5/24/2018,17795,2/21/2020,-0.01017,-0.009789,-0.010518,,,0.98983,0.990211,0.989482
GreenSky Inc,5/24/2018,17795,2/24/2020,-0.043379,-0.03176,-0.033514,,,0.956621,0.96824,0.966486
GreenSky Inc,5/24/2018,17795,2/25/2020,-0.038186,-0.029476,-0.03028,,,0.961814,0.970524,0.96972
GreenSky Inc,5/24/2018,17795,2/26/2020,-0.033499,-0.005395,-0.003779,-0.129608646,21,0.966501,0.994605,0.996221
GreenSky Inc,5/24/2018,17795,2/27/2020,-0.016688,-0.040987,-0.044163,,,0.983312,0.959013,0.955837
GreenSky Inc,5/24/2018,17795,2/28/2020,0.041775,-0.008552,-0.008238,,,1.041775,0.991448,0.991762
GreenSky Inc,5/24/2018,17795,3/2/2020,-0.013784,0.040304,0.046039,,,0.986216,1.040304,1.046039
GreenSky Inc,5/24/2018,17795,3/3/2020,-0.21474,-0.024635,-0.028108,,,0.78526,0.975365,0.971892
GreenSky Inc,5/24/2018,17795,3/4/2020,0.050162,0.037552,0.042203,,,1.050162,1.037552,1.042203
GreenSky Inc,5/24/2018,17795,3/5/2020,-0.069337,-0.031529,-0.033922,,,0.930663,0.968471,0.966078
GreenSky Inc,5/24/2018,17795,3/6/2020,0.011589,-0.017785,-0.017054,,,1.011589,0.982215,0.982946
GreenSky Inc,5/24/2018,17795,3/9/2020,-0.050736,-0.079317,-0.07597,,,0.949264,0.920683,0.92403
GreenSky Inc,5/24/2018,17795,3/10/2020,0.034483,0.044398,0.049396,,,1.034483,1.044398,1.049396
GreenSky Inc,5/24/2018,17795,3/11/2020,-0.041667,-0.049958,-0.048868,,,0.958333,0.950042,0.951132
GreenSky Inc,5/24/2018,17795,3/12/2020,-0.104348,-0.096841,-0.095113,,,0.895652,0.903159,0.904887
GreenSky Inc,5/24/2018,17795,3/13/2020,0.019417,0.085502,0.092871,,,1.019417,1.085502,1.092871
GreenSky Inc,5/24/2018,17795,3/16/2020,-0.030476,-0.118168,-0.119841,,,0.969524,0.881832,0.880159
GreenSky Inc,5/24/2018,17795,3/17/2020,-0.007859,0.053074,0.059955,,,0.992141,1.053074,1.059955
GreenSky Inc,5/24/2018,17795,3/18/2020,-0.148515,-0.05961,-0.051831,,,0.851485,0.94039,0.948169
GreenSky Inc,5/24/2018,17795,3/19/2020,-0.067442,0.014319,0.004708,,,0.932558,1.014319,1.004708
GreenSky Inc,5/24/2018,17795,3/20/2020,-0.049875,-0.037156,-0.04336,,,0.950125,0.962844,0.95664
GreenSky Inc,5/24/2018,17795,3/23/2020,-0.107612,-0.026878,-0.029294,,,0.892388,0.973122,0.970706
GreenSky Inc,5/24/2018,17795,3/24/2020,0.211765,0.091556,0.093828,,,1.211765,1.091556,1.093828
GreenSky Inc,5/24/2018,17795,3/25/2020,-0.009709,0.016379,0.011535,,,0.990291,1.016379,1.011535
GreenSky Inc,5/24/2018,17795,3/26/2020,0.068628,0.05747,0.062414,-0.430809885,22,1.068628,1.05747,1.062414
GreenSky Inc,5/24/2018,17795,3/27/2020,-0.114679,-0.033038,-0.033687,,,0.885321,0.966962,0.966313
GreenSky Inc,5/24/2018,17795,3/30/2020,0.07772,0.029038,0.033516,,,1.07772,1.029038,1.033516
GreenSky Inc,5/24/2018,17795,3/31/2020,-0.081731,-0.012277,-0.016013,,,0.918269,0.987723,0.983987
GreenSky Inc,5/24/2018,17795,4/1/2020,-0.04712,-0.045015,-0.044142,,,0.95288,0.954985,0.955858
GreenSky Inc,5/24/2018,17795,4/2/2020,-0.035714,0.019501,0.022829,,,0.964286,1.019501,1.022829
GreenSky Inc,5/24/2018,17795,4/3/2020,-0.116809,-0.015754,-0.015137,,,0.883191,0.984246,0.984863
GreenSky Inc,5/24/2018,17795,4/6/2020,0.077419,0.067894,0.070331,,,1.077419,1.067894,1.070331
GreenSky Inc,5/24/2018,17795,4/7/2020,-0.041916,0.000476,-0.001603,,,0.958084,1.000476,0.998397
GreenSky Inc,5/24/2018,17795,4/8/2020,0.15625,0.033821,0.034056,,,1.15625,1.033821,1.034056
GreenSky Inc,5/24/2018,17795,4/9/2020,0.089189,0.018252,0.014487,,,1.089189,1.018252,1.014487
GreenSky Inc,5/24/2018,17795,4/13/2020,-0.054591,-0.010146,-0.010105,,,0.945409,0.989854,0.989895
GreenSky Inc,5/24/2018,17795,4/14/2020,0.023622,0.028171,0.030573,,,1.023622,1.028171,1.030573
GreenSky Inc,5/24/2018,17795,4/15/2020,-0.117949,-0.023057,-0.02203,,,0.882051,0.976943,0.97797
GreenSky Inc,5/24/2018,17795,4/16/2020,-0.034884,0.004197,0.005817,,,0.965116,1.004197,1.005817
GreenSky Inc,5/24/2018,17795,4/17/2020,0.009036,0.027687,0.026794,,,1.009036,1.027687,1.026794
GreenSky Inc,5/24/2018,17795,4/20/2020,-0.01194,-0.015553,-0.017881,,,0.98806,0.984447,0.982119
GreenSky Inc,5/24/2018,17795,4/21/2020,-0.024169,-0.02921,-0.030675,,,0.975831,0.97079,0.969325
GreenSky Inc,5/24/2018,17795,4/22/2020,-0.024768,0.021875,0.02293,,,0.975232,1.021875,1.02293
GreenSky Inc,5/24/2018,17795,4/23/2020,0.095238,0.00125,-0.000539,,,1.095238,1.00125,0.999461
GreenSky Inc,5/24/2018,17795,4/24/2020,-0.046377,0.013045,0.013918,,,0.953623,1.013045,1.013918
GreenSky Inc,5/24/2018,17795,4/27/2020,0.106383,0.017511,0.014714,-0.056995888,23,1.106383,1.017511,1.014714
GreenSky Inc,5/24/2018,17795,4/28/2020,0.06044,-0.002298,-0.005242,,,1.06044,0.997702,0.994758
GreenSky Inc,5/24/2018,17795,4/29/2020,0.108808,0.028865,0.026584,,,1.108808,1.028865,1.026584
GreenSky Inc,5/24/2018,17795,4/30/2020,0.014019,-0.013076,-0.009212,,,1.014019,0.986924,0.990788
GreenSky Inc,5/24/2018,17795,5/1/2020,-0.011521,-0.028041,-0.028059,,,0.988479,0.971959,0.971941
GreenSky Inc,5/24/2018,17795,5/4/2020,-0.032634,0.00481,0.00425,,,0.967366,1.00481,1.00425
GreenSky Inc,5/24/2018,17795,5/5/2020,0.060241,0.008738,0.009041,,,1.060241,1.008738,1.009041
GreenSky Inc,5/24/2018,17795,5/6/2020,-0.043182,-0.005853,-0.006979,,,0.956818,0.994147,0.993021
GreenSky Inc,5/24/2018,17795,5/7/2020,0.021378,0.013322,0.011505,,,1.021378,1.013322,1.011505
GreenSky Inc,5/24/2018,17795,5/8/2020,0.016279,0.018605,0.016872,,,1.016279,1.018605,1.016872
GreenSky Inc,5/24/2018,17795,5/11/2020,0.016018,-0.000441,0.000177,,,1.016018,0.999559,1.000177
GreenSky Inc,5/24/2018,17795,5/12/2020,-0.184685,-0.02037,-0.020544,,,0.815315,0.97963,0.979456
GreenSky Inc,5/24/2018,17795,5/13/2020,0.008287,-0.019027,-0.017463,,,1.008287,0.980973,0.982537
GreenSky Inc,5/24/2018,17795,5/14/2020,0.021918,0.010302,0.011525,,,1.021918,1.010302,1.011525
GreenSky Inc,5/24/2018,17795,5/15/2020,-0.022788,0.005234,0.003926,,,0.977212,1.005234,1.003926
GreenSky Inc,5/24/2018,17795,5/18/2020,0.138546,0.033368,0.031501,,,1.138546,1.033368,1.031501
GreenSky Inc,5/24/2018,17795,5/19/2020,0.021687,-0.009706,-0.010484,,,1.021687,0.990294,0.989516
GreenSky Inc,5/24/2018,17795,5/20/2020,-0.018868,0.017387,0.016651,,,0.981132,1.017387,1.016651
GreenSky Inc,5/24/2018,17795,5/21/2020,-0.040865,-0.006646,-0.007774,,,0.959135,0.993354,0.992226
GreenSky Inc,5/24/2018,17795,5/22/2020,-0.015038,0.002656,0.002354,,,0.984962,1.002656,1.002354
GreenSky Inc,5/24/2018,17795,5/26/2020,0.017812,0.014186,0.012289,,,1.017812,1.014186,1.012289
GreenSky Inc,5/24/2018,17795,5/27/2020,0.0425,0.014962,0.014827,0.08031068,24,1.0425,1.014962,1.014827
GreenSky Inc,5/24/2018,17795,5/28/2020,-0.035971,-0.003516,-0.002108,,,0.964029,0.996484,0.997892
GreenSky Inc,5/24/2018,17795,5/29/2020,0,0.004678,0.004812,,,1,1.004678,1.004812
GreenSky Inc,5/24/2018,17795,6/1/2020,0.007463,0.006645,0.003751,,,1.007463,1.006645,1.003751
GreenSky Inc,5/24/2018,17795,6/2/2020,0.041975,0.008413,0.008211,,,1.041975,1.008413,1.008211
GreenSky Inc,5/24/2018,17795,6/3/2020,0.087678,0.014862,0.013649,,,1.087678,1.014862,1.013649
GreenSky Inc,5/24/2018,17795,6/4/2020,0.089325,-0.003038,-0.003369,,,1.089325,0.996962,0.996631
GreenSky Inc,5/24/2018,17795,6/5/2020,0.13,0.025002,0.026212,,,1.13,1.025002,1.026212
GreenSky Inc,5/24/2018,17795,6/8/2020,0.074336,0.014235,0.012042,,,1.074336,1.014235,1.012042
GreenSky Inc,5/24/2018,17795,6/9/2020,-0.057661,-0.009508,-0.007799,,,0.942339,0.990492,0.992201
GreenSky Inc,5/24/2018,17795,6/10/2020,-0.006993,-0.006659,-0.005313,,,0.993007,0.993341,0.994687
GreenSky Inc,5/24/2018,17795,6/11/2020,-0.100352,-0.058203,-0.058944,,,0.899648,0.941797,0.941056
GreenSky Inc,5/24/2018,17795,6/12/2020,0.036204,0.014074,0.013061,,,1.036204,1.014074,1.013061
GreenSky Inc,5/24/2018,17795,6/15/2020,-0.021719,0.010691,0.008312,,,0.978281,1.010691,1.008312
GreenSky Inc,5/24/2018,17795,6/16/2020,0.017375,0.017647,0.018962,,,1.017375,1.017647,1.018962
GreenSky Inc,5/24/2018,17795,6/17/2020,0.036053,-0.004129,-0.0036,,,1.036053,0.995871,0.9964
GreenSky Inc,5/24/2018,17795,6/18/2020,-0.027473,0.001198,0.000594,,,0.972527,1.001198,1.000594
GreenSky Inc,5/24/2018,17795,6/19/2020,0.011299,-0.004599,-0.005649,,,1.011299,0.995401,0.994351
GreenSky Inc,5/24/2018,17795,6/22/2020,-0.050279,0.006682,0.006495,,,0.949721,1.006682,1.006495
GreenSky Inc,5/24/2018,17795,6/23/2020,0.052941,0.003905,0.004307,,,1.052941,1.003905,1.004307
GreenSky Inc,5/24/2018,17795,6/24/2020,-0.042831,-0.025737,-0.025855,,,0.957169,0.974263,0.974145
GreenSky Inc,5/24/2018,17795,6/25/2020,0.048638,0.01126,0.010959,0.340794878,25,1.048638,1.01126,1.010959
GreenSky Inc,5/24/2018,17795,6/26/2020,-0.079777,-0.022878,-0.024227,,,0.920223,0.977122,0.975773
GreenSky Inc,5/24/2018,17795,6/29/2020,-0.032258,0.014497,0.014686,,,0.967742,1.014497,1.014686
GreenSky Inc,5/24/2018,17795,6/30/2020,0.020833,0.014671,0.01541,,,1.020833,1.014671,1.01541
GreenSky Inc,5/24/2018,17795,7/1/2020,-0.022449,0.004033,0.005022,,,0.977551,1.004033,1.005022
GreenSky Inc,5/24/2018,17795,7/2/2020,0.029228,0.00502,0.004541,,,1.029228,1.00502,1.004541
GreenSky Inc,5/24/2018,17795,7/6/2020,0.010142,0.014885,0.015882,,,1.010142,1.014885,1.015882
GreenSky Inc,5/24/2018,17795,7/7/2020,-0.056225,-0.010264,-0.010819,,,0.943775,0.989736,0.989181
GreenSky Inc,5/24/2018,17795,7/8/2020,0.030851,0.008437,0.007828,,,1.030851,1.008437,1.007828
GreenSky Inc,5/24/2018,17795,7/9/2020,0.019608,-0.005703,-0.005644,,,1.019608,0.994297,0.994356
GreenSky Inc,5/24/2018,17795,7/10/2020,0.032389,0.010386,0.010466,,,1.032389,1.010386,1.010466
GreenSky Inc,5/24/2018,17795,7/13/2020,-0.060784,-0.011212,-0.009363,,,0.939216,0.988788,0.990637
GreenSky Inc,5/24/2018,17795,7/14/2020,0.010438,0.01329,0.013406,,,1.010438,1.01329,1.013406
GreenSky Inc,5/24/2018,17795,7/15/2020,-0.012397,0.0118,0.009082,,,0.987603,1.0118,1.009082
GreenSky Inc,5/24/2018,17795,7/16/2020,0.060669,-0.004003,-0.003406,,,1.060669,0.995997,0.996594
GreenSky Inc,5/24/2018,17795,7/17/2020,0,0.003636,0.002849,,,1,1.003636,1.002849
GreenSky Inc,5/24/2018,17795,7/20/2020,0.013807,0.008567,0.008407,,,1.013807,1.008567,1.008407
GreenSky Inc,5/24/2018,17795,7/21/2020,0.025292,0.002298,0.001679,,,1.025292,1.002298,1.001679
GreenSky Inc,5/24/2018,17795,7/22/2020,0.026565,0.005138,0.005747,,,1.026565,1.005138,1.005747
GreenSky Inc,5/24/2018,17795,7/23/2020,-0.016636,-0.010909,-0.01232,,,0.983364,0.989091,0.98768
GreenSky Inc,5/24/2018,17795,7/24/2020,-0.013158,-0.006986,-0.00619,,,0.986842,0.993014,0.99381
GreenSky Inc,5/24/2018,17795,7/27/2020,0.005714,0.00901,0.007395,0.064515201,26,1.005714,1.00901,1.007395
GreenSky Inc,5/24/2018,17795,7/28/2020,0.011364,-0.006926,-0.006473,,,1.011364,0.993074,0.993527
GreenSky Inc,5/24/2018,17795,7/29/2020,0.035581,0.013428,0.012428,,,1.035581,1.013428,1.012428
GreenSky Inc,5/24/2018,17795,7/30/2020,0.003617,-0.003768,-0.00375,,,1.003617,0.996232,0.99625
GreenSky Inc,5/24/2018,17795,7/31/2020,0.017117,0.004524,0.00767,,,1.017117,1.004524,1.00767
GreenSky Inc,5/24/2018,17795,8/3/2020,0.016829,0.008692,0.007181,,,1.016829,1.008692,1.007181
GreenSky Inc,5/24/2018,17795,8/4/2020,0.02439,0.004528,0.003612,,,1.02439,1.004528,1.003612
GreenSky Inc,5/24/2018,17795,8/5/2020,0.001701,0.007526,0.00643,,,1.001701,1.007526,1.00643
GreenSky Inc,5/24/2018,17795,8/6/2020,0.022071,0.004654,0.006428,,,1.022071,1.004654,1.006428
GreenSky Inc,5/24/2018,17795,8/7/2020,0.0299,0.000244,0.000633,,,1.0299,1.000244,1.000633
GreenSky Inc,5/24/2018,17795,8/10/2020,0.020968,0.002652,0.002742,,,1.020968,1.002652,1.002742
GreenSky Inc,5/24/2018,17795,8/11/2020,-0.229068,-0.007931,-0.007969,,,0.770932,0.992069,0.992031
GreenSky Inc,5/24/2018,17795,8/12/2020,0.002049,0.012994,0.013997,,,1.002049,1.012994,1.013997
GreenSky Inc,5/24/2018,17795,8/13/2020,-0.026585,-0.000593,-0.002047,,,0.973415,0.999407,0.997953
GreenSky Inc,5/24/2018,17795,8/14/2020,-0.046219,-0.000669,-0.000172,,,0.953781,0.999331,0.999828
GreenSky Inc,5/24/2018,17795,8/17/2020,-0.015419,0.005019,0.00271,,,0.984581,1.005019,1.00271
GreenSky Inc,5/24/2018,17795,8/18/2020,-0.024608,0.001404,0.002303,,,0.975392,1.001404,1.002303
GreenSky Inc,5/24/2018,17795,8/19/2020,-0.013761,-0.004378,-0.004404,,,0.986239,0.995622,0.995596
GreenSky Inc,5/24/2018,17795,8/20/2020,0.004651,0.002806,0.003159,,,1.004651,1.002806,1.003159
GreenSky Inc,5/24/2018,17795,8/21/2020,0.006944,0.001599,0.003441,,,1.006944,1.001599,1.003441
GreenSky Inc,5/24/2018,17795,8/24/2020,0.002299,0.00891,0.010044,,,1.002299,1.00891,1.010044
GreenSky Inc,5/24/2018,17795,8/25/2020,0.034404,0.003408,0.003596,-0.155430907,27,1.034404,1.003408,1.003596
GreenSky Inc,5/24/2018,17795,8/26/2020,-0.050998,0.008729,0.010196,,,0.949002,1.008729,1.010196
GreenSky Inc,5/24/2018,17795,8/27/2020,0.018692,0.001686,0.001673,,,1.018692,1.001686,1.001673
GreenSky Inc,5/24/2018,17795,8/28/2020,0.013761,0.006925,0.006733,,,1.013761,1.006925,1.006733
GreenSky Inc,5/24/2018,17795,8/31/2020,-0.015837,-0.00156,-0.002195,,,0.984163,0.99844,0.997805
GreenSky Inc,5/24/2018,17795,9/1/2020,-0.025287,0.00849,0.007525,,,0.974713,1.00849,1.007525
GreenSky Inc,5/24/2018,17795,9/2/2020,0.004717,0.012122,0.015366,,,1.004717,1.012122,1.015366
GreenSky Inc,5/24/2018,17795,9/3/2020,-0.016432,-0.033998,-0.035126,,,0.983568,0.966002,0.964874
GreenSky Inc,5/24/2018,17795,9/4/2020,-0.002387,-0.008065,-0.008133,,,0.997613,0.991935,0.991867
GreenSky Inc,5/24/2018,17795,9/8/2020,-0.026316,-0.0268,-0.027756,,,0.973684,0.9732,0.972244
GreenSky Inc,5/24/2018,17795,9/9/2020,0.007371,0.019843,0.020145,,,1.007371,1.019843,1.020145
GreenSky Inc,5/24/2018,17795,9/10/2020,-0.017073,-0.015557,-0.017585,,,0.982927,0.984443,0.982415
GreenSky Inc,5/24/2018,17795,9/11/2020,-0.014888,-0.000188,0.000533,,,0.985112,0.999812,1.000533
GreenSky Inc,5/24/2018,17795,9/14/2020,0.027708,0.015413,0.012742,,,1.027708,1.015413,1.012742
GreenSky Inc,5/24/2018,17795,9/15/2020,0.02451,0.005411,0.005219,,,1.02451,1.005411,1.005219
GreenSky Inc,5/24/2018,17795,9/16/2020,0.026316,-0.003147,-0.004619,,,1.026316,0.996853,0.995381
GreenSky Inc,5/24/2018,17795,9/17/2020,0.006993,-0.007869,-0.008412,,,1.006993,0.992131,0.991588
GreenSky Inc,5/24/2018,17795,9/18/2020,0.016204,-0.008825,-0.011183,,,1.016204,0.991175,0.988817
GreenSky Inc,5/24/2018,17795,9/21/2020,-0.029613,-0.012511,-0.011571,,,0.970387,0.987489,0.988429
GreenSky Inc,5/24/2018,17795,9/22/2020,0.016432,0.009333,0.010518,,,1.016432,1.009333,1.010518
GreenSky Inc,5/24/2018,17795,9/23/2020,-0.060046,-0.024029,-0.023721,,,0.939954,0.975971,0.976279
GreenSky Inc,5/24/2018,17795,9/24/2020,0.009828,0.002036,0.002987,-0.039718508,28,1.009828,1.002036,1.002987
GreenSky Inc,5/24/2018,17795,9/25/2020,0.009732,0.015674,0.015977,,,1.009732,1.015674,1.015977
GreenSky Inc,5/24/2018,17795,9/28/2020,0.045783,0.016584,0.016111,,,1.045783,1.016584,1.016111
GreenSky Inc,5/24/2018,17795,9/29/2020,0.011521,-0.004001,-0.004813,,,1.011521,0.995999,0.995187
GreenSky Inc,5/24/2018,17795,9/30/2020,0.01139,0.006881,0.008254,,,1.01139,1.006881,1.008254
GreenSky Inc,5/24/2018,17795,10/1/2020,0.018018,0.007865,0.005293,,,1.018018,1.007865,1.005293
GreenSky Inc,5/24/2018,17795,10/2/2020,0.013274,-0.007735,-0.009572,,,1.013274,0.992265,0.990428
GreenSky Inc,5/24/2018,17795,10/5/2020,0.024017,0.018302,0.017976,,,1.024017,1.018302,1.017976
GreenSky Inc,5/24/2018,17795,10/6/2020,0.010661,-0.01191,-0.013988,,,1.010661,0.98809,0.986012
GreenSky Inc,5/24/2018,17795,10/7/2020,-0.025316,0.017039,0.017406,,,0.974684,1.017039,1.017406
GreenSky Inc,5/24/2018,17795,10/8/2020,0.04329,0.008516,0.008007,,,1.04329,1.008516,1.008007
GreenSky Inc,5/24/2018,17795,10/9/2020,0.010373,0.00855,0.008791,,,1.010373,1.00855,1.008791
GreenSky Inc,5/24/2018,17795,10/12/2020,0.045175,0.013469,0.016419,,,1.045175,1.013469,1.016419
GreenSky Inc,5/24/2018,17795,10/13/2020,0.019646,-0.004951,-0.006307,,,1.019646,0.995049,0.993693
GreenSky Inc,5/24/2018,17795,10/14/2020,-0.011561,-0.006017,-0.006623,,,0.988439,0.993983,0.993377
GreenSky Inc,5/24/2018,17795,10/15/2020,-0.025341,-0.000777,-0.001528,,,0.974659,0.999223,0.998472
GreenSky Inc,5/24/2018,17795,10/16/2020,0.01,-0.000707,0.000135,,,1.01,0.999293,1.000135
GreenSky Inc,5/24/2018,17795,10/19/2020,-0.009901,-0.014167,-0.01633,,,0.990099,0.985833,0.98367
GreenSky Inc,5/24/2018,17795,10/20/2020,0.026,0.003821,0.004727,,,1.026,1.003821,1.004727
GreenSky Inc,5/24/2018,17795,10/21/2020,0.009747,-0.00344,-0.002196,,,1.009747,0.99656,0.997804
GreenSky Inc,5/24/2018,17795,10/22/2020,0.03861,0.00613,0.005219,,,1.03861,1.00613,1.005219
GreenSky Inc,5/24/2018,17795,10/23/2020,0,0.003817,0.003446,0.296385638,29,1,1.003817,1.003446
GreenSky Inc,5/24/2018,17795,10/26/2020,-0.04461,-0.018085,-0.01859,,,0.95539,0.981915,0.98141
GreenSky Inc,5/24/2018,17795,10/27/2020,0.009728,-0.003025,-0.003026,,,1.009728,0.996975,0.996974
GreenSky Inc,5/24/2018,17795,10/28/2020,-0.039499,-0.032808,-0.035288,,,0.960501,0.967192,0.964712
GreenSky Inc,5/24/2018,17795,10/29/2020,0.009027,0.010473,0.011947,,,1.009027,1.010473,1.011947
GreenSky Inc,5/24/2018,17795,10/30/2020,-0.059642,-0.013112,-0.01213,,,0.940358,0.986888,0.98787
GreenSky Inc,5/24/2018,17795,11/2/2020,0.019028,0.012086,0.012318,,,1.019028,1.012086,1.012318
GreenSky Inc,5/24/2018,17795,11/3/2020,-0.004149,0.018824,0.017799,,,0.995851,1.018824,1.017799
GreenSky Inc,5/24/2018,17795,11/4/2020,0.020833,0.019588,0.022047,,,1.020833,1.019588,1.022047
GreenSky Inc,5/24/2018,17795,11/5/2020,-0.079592,0.021074,0.01946,,,0.920408,1.021074,1.01946
GreenSky Inc,5/24/2018,17795,11/6/2020,-0.064302,-0.000045,-0.000288,,,0.935698,0.999955,0.999712
GreenSky Inc,5/24/2018,17795,11/9/2020,0.028436,0.010634,0.0117,,,1.028436,1.010634,1.0117
GreenSky Inc,5/24/2018,17795,11/10/2020,-0.142857,-0.000557,-0.0014,,,0.857143,0.999443,0.9986
GreenSky Inc,5/24/2018,17795,11/11/2020,-0.048387,0.008042,0.007652,,,0.951613,1.008042,1.007652
GreenSky Inc,5/24/2018,17795,11/12/2020,-0.022599,-0.009669,-0.009979,,,0.977401,0.990331,0.990021
GreenSky Inc,5/24/2018,17795,11/13/2020,0.054913,0.013293,0.01361,,,1.054913,1.013293,1.01361
GreenSky Inc,5/24/2018,17795,11/16/2020,-0.032877,0.012334,0.011648,,,0.967123,1.012334,1.011648
GreenSky Inc,5/24/2018,17795,11/17/2020,0.03966,-0.001528,-0.004792,,,1.03966,0.998472,0.995208
GreenSky Inc,5/24/2018,17795,11/18/2020,0.117166,-0.009049,-0.011564,,,1.117166,0.990951,0.988436
GreenSky Inc,5/24/2018,17795,11/19/2020,0.019512,0.005837,0.003946,,,1.019512,1.005837,1.003946
GreenSky Inc,5/24/2018,17795,11/20/2020,-0.021531,-0.004295,-0.006793,,,0.978469,0.995705,0.993207
GreenSky Inc,5/24/2018,17795,11/23/2020,0.02934,0.007981,0.005636,-0.180934068,30,1.02934,1.007981,1.005636
GreenSky Inc,5/24/2018,17795,11/24/2020,0.052256,0.015105,0.016162,,,1.052256,1.015105,1.016162
GreenSky Inc,5/24/2018,17795,11/25/2020,0,0.000178,-0.001584,,,1,1.000178,0.998416
GreenSky Inc,5/24/2018,17795,11/27/2020,-0.004515,0.003998,0.002397,,,0.995485,1.003998,1.002397
GreenSky Inc,5/24/2018,17795,11/30/2020,-0.034014,-0.005743,-0.004595,,,0.965986,0.994257,0.995405
GreenSky Inc,5/24/2018,17795,12/1/2020,0,0.009645,0.011271,,,1,1.009645,1.011271
GreenSky Inc,5/24/2018,17795,12/2/2020,0.023474,0.001192,0.001791,,,1.023474,1.001192,1.001791
GreenSky Inc,5/24/2018,17795,12/3/2020,-0.011468,0.002272,-0.000624,,,0.988532,1.002272,0.999376
GreenSky Inc,5/24/2018,17795,12/4/2020,0.027842,0.010477,0.008836,,,1.027842,1.010477,1.008836
GreenSky Inc,5/24/2018,17795,12/7/2020,0.002257,-0.00022,-0.001936,,,1.002257,0.99978,0.998064
GreenSky Inc,5/24/2018,17795,12/8/2020,-0.004504,0.004283,0.002787,,,0.995496,1.004283,1.002787
GreenSky Inc,5/24/2018,17795,12/9/2020,-0.004525,-0.009558,-0.007949,,,0.995475,0.990442,0.992051
GreenSky Inc,5/24/2018,17795,12/10/2020,-0.004545,0.00264,-0.001285,,,0.995455,1.00264,0.998715
GreenSky Inc,5/24/2018,17795,12/11/2020,-0.034247,-0.002252,-0.001265,,,0.965753,0.997748,0.998735
GreenSky Inc,5/24/2018,17795,12/14/2020,-0.047281,-0.003267,-0.004359,,,0.952719,0.996733,0.995641
GreenSky Inc,5/24/2018,17795,12/15/2020,-0.002481,0.013083,0.012921,,,0.997519,1.013083,1.012921
GreenSky Inc,5/24/2018,17795,12/16/2020,0.064677,0.001387,0.001773,,,1.064677,1.001387,1.001773
GreenSky Inc,5/24/2018,17795,12/17/2020,0.016355,0.007947,0.005758,,,1.016355,1.007947,1.005758
GreenSky Inc,5/24/2018,17795,12/18/2020,0,-0.002101,-0.003511,,,1,0.997899,0.996489
GreenSky Inc,5/24/2018,17795,12/21/2020,0.01954,-0.002928,-0.003906,,,1.01954,0.997072,0.996094
GreenSky Inc,5/24/2018,17795,12/22/2020,-0.002255,0.000602,-0.002073,,,0.997745,1.000602,0.997927
GreenSky Inc,5/24/2018,17795,12/23/2020,0.059887,0.001445,0.000746,0.058690049,31,1.059887,1.001445,1.000746
GreenSky Inc,5/24/2018,17795,12/24/2020,-0.006397,0.00233,0.003537,,,0.993603,1.00233,1.003537
GreenSky Inc,5/24/2018,17795,12/28/2020,0.004292,0.003847,0.008723,,,1.004292,1.003847,1.008723
GreenSky Inc,5/24/2018,17795,12/29/2020,-0.027778,-0.003652,-0.002227,,,0.972222,0.996348,0.997773
GreenSky Inc,5/24/2018,17795,12/30/2020,0,0.003291,0.001342,,,1,1.003291,1.001342
GreenSky Inc,5/24/2018,17795,12/31/2020,0.017582,0.003558,0.006439,,,1.017582,1.003558,1.006439
GreenSky Inc,5/24/2018,17795,1/4/2021,-0.021598,-0.013064,-0.014755,,,0.978402,0.986936,0.985245
GreenSky Inc,5/24/2018,17795,1/5/2021,0.046358,0.009014,0.007083,,,1.046358,1.009014,1.007083
GreenSky Inc,5/24/2018,17795,1/6/2021,0.056962,0.008037,0.00571,,,1.056962,1.008037,1.00571
GreenSky Inc,5/24/2018,17795,1/7/2021,0.017964,0.016263,0.014847,,,1.017964,1.016263,1.014847
GreenSky Inc,5/24/2018,17795,1/8/2021,0.017647,0.004688,0.005492,,,1.017647,1.004688,1.005492
GreenSky Inc,5/24/2018,17795,1/11/2021,0.013488,-0.005645,-0.006555,,,1.013488,0.994355,0.993445
GreenSky Inc,5/24/2018,17795,1/12/2021,-0.045627,0.004197,0.000416,,,0.954373,1.004197,1.000416
GreenSky Inc,5/24/2018,17795,1/13/2021,-0.033865,0.000912,0.002276,,,0.966135,1.000912,1.002276
GreenSky Inc,5/24/2018,17795,1/14/2021,0.041237,-0.000047,-0.003753,,,1.041237,0.999953,0.996247
GreenSky Inc,5/24/2018,17795,1/15/2021,-0.015842,-0.008542,-0.00719,,,0.984158,0.991458,0.99281
GreenSky Inc,5/24/2018,17795,1/19/2021,-0.030181,0.008537,0.008136,,,0.969819,1.008537,1.008136
GreenSky Inc,5/24/2018,17795,1/20/2021,-0.012448,0.012048,0.013936,,,0.987552,1.012048,1.013936
GreenSky Inc,5/24/2018,17795,1/21/2021,0.016807,-0.000935,0.000317,,,1.016807,0.999065,1.000317
GreenSky Inc,5/24/2018,17795,1/22/2021,-0.014463,-0.001461,-0.003011,,,0.985537,0.998539,0.996989
GreenSky Inc,5/24/2018,17795,1/25/2021,-0.02935,0.002429,0.003616,,,0.97065,1.002429,1.003616
GreenSky Inc,5/24/2018,17795,1/26/2021,-0.00648,-0.002925,-0.001489,-0.012875731,32,0.99352,0.997075,0.998511
GreenSky Inc,5/24/2018,17795,1/27/2021,0.054348,-0.024763,-0.025678,,,1.054348,0.975237,0.974322
GreenSky Inc,5/24/2018,17795,1/28/2021,0.041237,0.009276,0.009761,,,1.041237,1.009276,1.009761
GreenSky Inc,5/24/2018,17795,1/29/2021,-0.023762,-0.017643,-0.019312,,,0.976238,0.982357,0.980688
GreenSky Inc,5/24/2018,17795,2/1/2021,0.026369,0.017251,0.016052,,,1.026369,1.017251,1.016052
GreenSky Inc,5/24/2018,17795,2/2/2021,0.065217,0.014014,0.013898,,,1.065217,1.014014,1.013898
GreenSky Inc,5/24/2018,17795,2/3/2021,-0.007421,0.001354,0.001009,,,0.992579,1.001354,1.001009
GreenSky Inc,5/24/2018,17795,2/4/2021,0.108411,0.011293,0.010853,,,1.108411,1.011293,1.010853
GreenSky Inc,5/24/2018,17795,2/5/2021,-0.008432,0.006078,0.003897,,,0.991568,1.006078,1.003897
GreenSky Inc,5/24/2018,17795,2/8/2021,0.010204,0.009781,0.007399,,,1.010204,1.009781,1.007399
GreenSky Inc,5/24/2018,17795,2/9/2021,-0.025253,0.000958,-0.001113,,,0.974747,1.000958,0.998887
GreenSky Inc,5/24/2018,17795,2/10/2021,-0.034542,-0.000306,-0.000345,,,0.965458,0.999694,0.999655
GreenSky Inc,5/24/2018,17795,2/11/2021,0.012522,0.001885,0.001662,,,1.012522,1.001885,1.001662
GreenSky Inc,5/24/2018,17795,2/12/2021,0.024735,0.004671,0.004711,,,1.024735,1.004671,1.004711
GreenSky Inc,5/24/2018,17795,2/16/2021,0.001724,-0.001123,-0.000569,,,1.001724,0.998877,0.999431
GreenSky Inc,5/24/2018,17795,2/17/2021,0.187608,-0.002344,-0.00032,,,1.187608,0.997656,0.99968
GreenSky Inc,5/24/2018,17795,2/18/2021,-0.12029,-0.006585,-0.004416,,,0.87971,0.993415,0.995584
GreenSky Inc,5/24/2018,17795,2/19/2021,-0.001647,0.002724,-0.001855,,,0.998353,1.002724,0.998145
GreenSky Inc,5/24/2018,17795,2/22/2021,-0.049505,-0.009646,-0.007733,,,0.950495,0.990354,0.992267
GreenSky Inc,5/24/2018,17795,2/23/2021,-0.039931,-0.001282,0.001256,,,0.960069,0.998718,1.001256
GreenSky Inc,5/24/2018,17795,2/24/2021,0.041591,0.011298,0.011352,,,1.041591,1.011298,1.011352
GreenSky Inc,5/24/2018,17795,2/25/2021,-0.05382,-0.026609,-0.024479,0.123708998,33,0.94618,0.973391,0.975521
GreenSky Inc,5/24/2018,17795,2/26/2021,-0.023853,-0.003846,-0.00475,,,0.976147,0.996154,0.99525
GreenSky Inc,5/24/2018,17795,3/1/2021,0.084586,0.024765,0.023791,,,1.084586,1.024765,1.023791
GreenSky Inc,5/24/2018,17795,3/2/2021,0.015598,-0.009017,-0.008081,,,1.015598,0.990983,0.991919
GreenSky Inc,5/24/2018,17795,3/3/2021,0.051194,-0.014661,-0.013066,,,1.051194,0.985339,0.986934
GreenSky Inc,5/24/2018,17795,3/4/2021,-0.003247,-0.01669,-0.013417,,,0.996753,0.98331,0.986583
GreenSky Inc,5/24/2018,17795,3/5/2021,-0.011401,0.017372,0.019496,,,0.988599,1.017372,1.019496
GreenSky Inc,5/24/2018,17795,3/8/2021,-0.003295,-0.005877,-0.005359,,,0.996705,0.994123,0.994641
GreenSky Inc,5/24/2018,17795,3/9/2021,0.031405,0.016852,0.014155,,,1.031405,1.016852,1.014155
GreenSky Inc,5/24/2018,17795,3/10/2021,0.067308,0.006778,0.00603,,,1.067308,1.006778,1.00603
GreenSky Inc,5/24/2018,17795,3/11/2021,0.058559,0.01417,0.010395,,,1.058559,1.01417,1.010395
GreenSky Inc,5/24/2018,17795,3/12/2021,0.002128,0.001509,0.001015,,,1.002128,1.001509,1.001015
GreenSky Inc,5/24/2018,17795,3/15/2021,0.02477,0.007061,0.006492,,,1.02477,1.007061,1.006492
GreenSky Inc,5/24/2018,17795,3/16/2021,-0.049724,-0.004282,-0.00157,,,0.950276,0.995718,0.99843
GreenSky Inc,5/24/2018,17795,3/17/2021,-0.008721,0.00357,0.002879,,,0.991279,1.00357,1.002879
GreenSky Inc,5/24/2018,17795,3/18/2021,-0.030059,-0.017954,-0.014761,,,0.969941,0.982046,0.985239
GreenSky Inc,5/24/2018,17795,3/19/2021,0.017385,0.001804,-0.000603,,,1.017385,1.001804,0.999397
GreenSky Inc,5/24/2018,17795,3/22/2021,-0.02526,0.004791,0.007025,,,0.97474,1.004791,1.007025
GreenSky Inc,5/24/2018,17795,3/23/2021,-0.035061,-0.011993,-0.007631,,,0.964939,0.988007,0.992369
GreenSky Inc,5/24/2018,17795,3/24/2021,-0.015798,-0.00909,-0.005467,,,0.984202,0.99091,0.994533
GreenSky Inc,5/24/2018,17795,3/25/2021,0.022472,0.006556,0.00524,,,1.022472,1.006556,1.00524
GreenSky Inc,5/24/2018,17795,3/26/2021,-0.00314,0.015363,0.016631,0.193607462,34,0.99686,1.015363,1.016631
GreenSky Inc,5/24/2018,17795,3/29/2021,-0.029921,-0.00526,-0.000868,,,0.970079,0.99474,0.999132
GreenSky Inc,5/24/2018,17795,3/30/2021,0.008117,0.000023,-0.003158,,,1.008117,1.000023,0.996842
GreenSky Inc,5/24/2018,17795,3/31/2021,-0.003221,0.005605,0.003623,,,0.996779,1.005605,1.003623
GreenSky Inc,5/24/2018,17795,4/1/2021,0.024233,0.012802,0.011825,,,1.024233,1.012802,1.011825
GreenSky Inc,5/24/2018,17795,4/5/2021,-0.003155,0.011451,0.014438,,,0.996845,1.011451,1.014438
GreenSky Inc,5/24/2018,17795,4/6/2021,0.01424,0.000329,-0.000974,,,1.01424,1.000329,0.999026
GreenSky Inc,5/24/2018,17795,4/7/2021,-0.046802,-0.001475,0.001475,,,0.953198,0.998525,1.001475
GreenSky Inc,5/24/2018,17795,4/8/2021,0.02946,0.005892,0.004221,,,1.02946,1.005892,1.004221
GreenSky Inc,5/24/2018,17795,4/9/2021,-0.014308,0.005508,0.00772,,,0.985692,1.005508,1.00772
GreenSky Inc,5/24/2018,17795,4/12/2021,-0.006452,-0.000689,-0.000196,,,0.993548,0.999311,0.999804
GreenSky Inc,5/24/2018,17795,4/13/2021,-0.00487,0.003958,0.003295,,,0.99513,1.003958,1.003295
GreenSky Inc,5/24/2018,17795,4/14/2021,0.011419,-0.002872,-0.004088,,,1.011419,0.997128,0.995912
GreenSky Inc,5/24/2018,17795,4/15/2021,0.022581,0.01005,0.011094,,,1.022581,1.01005,1.011094
GreenSky Inc,5/24/2018,17795,4/16/2021,-0.007886,0.002625,0.003609,,,0.992114,1.002625,1.003609
GreenSky Inc,5/24/2018,17795,4/19/2021,-0.074722,-0.006927,-0.005306,,,0.925278,0.993073,0.994694
GreenSky Inc,5/24/2018,17795,4/20/2021,-0.037801,-0.00908,-0.006802,,,0.962199,0.99092,0.993198
GreenSky Inc,5/24/2018,17795,4/21/2021,0.021429,0.01128,0.009306,,,1.021429,1.01128,1.009306
GreenSky Inc,5/24/2018,17795,4/22/2021,0.006993,-0.007251,-0.009211,,,1.006993,0.992749,0.990789
GreenSky Inc,5/24/2018,17795,4/23/2021,0.038194,0.012026,0.010929,,,1.038194,1.012026,1.010929
GreenSky Inc,5/24/2018,17795,4/26/2021,0.010033,0.004392,0.001782,,,1.010033,1.004392,1.001782
GreenSky Inc,5/24/2018,17795,4/27/2021,0.001656,-0.000236,-0.000215,-0.017857944,35,1.001656,0.999764,0.999785
GreenSky Inc,5/24/2018,17795,4/28/2021,0.018182,0.000142,-0.000846,,,1.018182,1.000142,0.999154
GreenSky Inc,5/24/2018,17795,4/29/2021,0.006494,0.003534,0.006763,,,1.006494,1.003534,1.006763
GreenSky Inc,5/24/2018,17795,4/30/2021,-0.017742,-0.008008,-0.007195,,,0.982258,0.991992,0.992805
GreenSky Inc,5/24/2018,17795,5/3/2021,0.031199,0.002051,0.002748,,,1.031199,1.002051,1.002748
GreenSky Inc,5/24/2018,17795,5/4/2021,-0.023885,-0.008437,-0.006678,,,0.976115,0.991563,0.993322
GreenSky Inc,5/24/2018,17795,5/5/2021,0.060359,-0.00005,0.000704,,,1.060359,0.99995,1.000704
GreenSky Inc,5/24/2018,17795,5/6/2021,0.001538,0.004793,0.008165,,,1.001538,1.004793,1.008165
GreenSky Inc,5/24/2018,17795,5/7/2021,0.004608,0.008673,0.007373,,,1.004608,1.008673,1.007373
GreenSky Inc,5/24/2018,17795,5/10/2021,-0.056575,-0.012279,-0.010436,,,0.943425,0.987721,0.989564
GreenSky Inc,5/24/2018,17795,5/11/2021,0,-0.006579,-0.008674,,,1,0.993421,0.991326
GreenSky Inc,5/24/2018,17795,5/12/2021,-0.071313,-0.022536,-0.021449,,,0.928687,0.977464,0.978551
GreenSky Inc,5/24/2018,17795,5/13/2021,0.010471,0.009761,0.012173,,,1.010471,1.009761,1.012173
GreenSky Inc,5/24/2018,17795,5/14/2021,0.018998,0.017585,0.014918,,,1.018998,1.017585,1.014918
GreenSky Inc,5/24/2018,17795,5/17/2021,0.010169,-0.001356,-0.00253,,,1.010169,0.998644,0.99747
GreenSky Inc,5/24/2018,17795,5/18/2021,0,-0.005975,-0.008517,,,1,0.994025,0.991483
GreenSky Inc,5/24/2018,17795,5/19/2021,-0.036913,-0.003798,-0.002943,,,0.963087,0.996202,0.997057
GreenSky Inc,5/24/2018,17795,5/20/2021,0.020906,0.011154,0.010555,,,1.020906,1.011154,1.010555
GreenSky Inc,5/24/2018,17795,5/21/2021,0.003413,-0.000303,-0.000784,,,1.003413,0.999697,0.999216
GreenSky Inc,5/24/2018,17795,5/24/2021,-0.006803,0.009375,0.009911,,,0.993197,1.009375,1.009911
GreenSky Inc,5/24/2018,17795,5/25/2021,-0.023973,-0.002731,-0.002125,,,0.976027,0.997269,0.997875
GreenSky Inc,5/24/2018,17795,5/26/2021,0.021053,0.004533,0.001877,-0.055196025,36,1.021053,1.004533,1.001877
GreenSky Inc,5/24/2018,17795,5/27/2021,0.001718,0.002905,0.001165,,,1.001718,1.002905,1.001165
GreenSky Inc,5/24/2018,17795,5/28/2021,0.005146,0.001006,0.000769,,,1.005146,1.001006,1.000769
GreenSky Inc,5/24/2018,17795,6/1/2021,0.032423,0.001667,-0.000492,,,1.032423,1.001667,0.999508
GreenSky Inc,5/24/2018,17795,6/2/2021,0.014876,0.001731,0.001447,,,1.014876,1.001731,1.001447
GreenSky Inc,5/24/2018,17795,6/3/2021,-0.030945,-0.005216,-0.003629,,,0.969055,0.994784,0.996371
GreenSky Inc,5/24/2018,17795,6/4/2021,0,0.008419,0.008834,,,1,1.008419,1.008834
GreenSky Inc,5/24/2018,17795,6/7/2021,0.028571,0.001642,-0.000797,,,1.028571,1.001642,0.999203
GreenSky Inc,5/24/2018,17795,6/8/2021,-0.004902,0.001769,0.000175,,,0.995098,1.001769,1.000175
GreenSky Inc,5/24/2018,17795,6/9/2021,-0.004926,-0.00288,-0.001824,,,0.995074,0.99712,0.998176
GreenSky Inc,5/24/2018,17795,6/10/2021,-0.019802,0.004027,0.004652,,,0.980198,1.004027,1.004652
GreenSky Inc,5/24/2018,17795,6/11/2021,0.003367,0.003115,0.001948,,,1.003367,1.003115,1.001948
GreenSky Inc,5/24/2018,17795,6/14/2021,-0.018456,0.001325,0.001815,,,0.981544,1.001325,1.001815
GreenSky Inc,5/24/2018,17795,6/15/2021,-0.005128,-0.002962,-0.002012,,,0.994872,0.997038,0.997988
GreenSky Inc,5/24/2018,17795,6/16/2021,-0.005155,-0.004693,-0.00539,,,0.994845,0.995307,0.99461
GreenSky Inc,5/24/2018,17795,6/17/2021,0.003454,-0.001405,-0.000436,,,1.003454,0.998595,0.999564
GreenSky Inc,5/24/2018,17795,6/18/2021,-0.013769,-0.012535,-0.013125,,,0.986231,0.987465,0.986875
GreenSky Inc,5/24/2018,17795,6/21/2021,0.015707,0.013561,0.014002,,,1.015707,1.013561,1.014002
GreenSky Inc,5/24/2018,17795,6/22/2021,0.008591,0.004926,0.005125,,,1.008591,1.004926,1.005125
GreenSky Inc,5/24/2018,17795,6/23/2021,-0.010221,-0.000137,-0.001083,,,0.989779,0.999863,0.998917
GreenSky Inc,5/24/2018,17795,6/24/2021,-0.015491,0.006528,0.005811,,,0.984509,1.006528,1.005811
GreenSky Inc,5/24/2018,17795,6/25/2021,-0.012238,0.003216,0.003331,,,0.987762,1.003216,1.003331
GreenSky Inc,5/24/2018,17795,6/28/2021,-0.00354,0.001063,0.002315,,,0.99646,1.001063,1.002315
GreenSky Inc,5/24/2018,17795,6/29/2021,-0.01421,-0.00004,0.000277,,,0.98579,0.99996,1.000277
GreenSky Inc,5/24/2018,17795,6/30/2021,0,0.00036,0.001328,,,1,1.00036,1.001328
GreenSky Inc,5/24/2018,17795,7/1/2021,0,0.0042,0.005222,,,1,1.0042,1.005222
GreenSky Inc,5/24/2018,17795,7/2/2021,0.025225,0.005001,0.0075,,,1.025225,1.005001,1.0075
GreenSky Inc,5/24/2018,17795,7/6/2021,-0.047452,-0.00301,-0.002022,,,0.952548,0.99699,0.997978
GreenSky Inc,5/24/2018,17795,7/7/2021,0.023985,0.0011,0.003359,,,1.023985,1.0011,1.003359
GreenSky Inc,5/24/2018,17795,7/8/2021,-0.01982,-0.009006,-0.008561,,,0.98018,0.990994,0.991439
GreenSky Inc,5/24/2018,17795,7/9/2021,0.025735,0.012887,0.011278,,,1.025735,1.012887,1.011278
GreenSky Inc,5/24/2018,17795,7/12/2021,0.043011,0.002173,0.003451,,,1.043011,1.002173,1.003451
GreenSky Inc,5/24/2018,17795,7/13/2021,-0.042955,-0.005943,-0.003517,,,0.957045,0.994057,0.996483
GreenSky Inc,5/24/2018,17795,7/14/2021,-0.003591,-0.002375,0.001165,,,0.996409,0.997625,1.001165
GreenSky Inc,5/24/2018,17795,7/15/2021,-0.001802,-0.003905,-0.003262,,,0.998198,0.996095,0.996738
GreenSky Inc,5/24/2018,17795,7/16/2021,-0.001805,-0.007607,-0.007539,,,0.998195,0.992393,0.992461
GreenSky Inc,5/24/2018,17795,7/19/2021,-0.016275,-0.014629,-0.01587,,,0.983725,0.985371,0.98413
GreenSky Inc,5/24/2018,17795,7/20/2021,0.044118,0.016902,0.015163,,,1.044118,1.016902,1.015163
GreenSky Inc,5/24/2018,17795,7/21/2021,0.022887,0.009672,0.008242,,,1.022887,1.009672,1.008242
GreenSky Inc,5/24/2018,17795,7/22/2021,0.006885,0.000285,0.002017,,,1.006885,1.000285,1.002017
GreenSky Inc,5/24/2018,17795,7/23/2021,0.015385,0.008915,0.010145,,,1.015385,1.008915,1.010145
GreenSky Inc,5/24/2018,17795,7/26/2021,-0.023569,0.001649,0.002382,,,0.976431,1.001649,1.002382
GreenSky Inc,5/24/2018,17795,7/27/2021,-0.010345,-0.005939,-0.004712,,,0.989655,0.994061,0.995288
GreenSky Inc,5/24/2018,17795,7/28/2021,0.019164,0.002969,-0.000186,,,1.019164,1.002969,0.999814
GreenSky Inc,5/24/2018,17795,7/29/2021,0.073504,0.004547,0.004206,,,1.073504,1.004547,1.004206
GreenSky Inc,5/24/2018,17795,7/30/2021,0.046178,-0.005629,-0.005406,,,1.046178,0.994371,0.994594
GreenSky Inc,5/24/2018,17795,8/2/2021,0.094368,-0.00135,-0.001843,,,1.094368,0.99865,0.998157
GreenSky Inc,5/24/2018,17795,8/3/2021,0.054242,0.006796,0.008203,,,1.054242,1.006796,1.008203
GreenSky Inc,5/24/2018,17795,8/4/2021,0.009235,-0.003965,-0.004632,,,1.009235,0.996035,0.995368
GreenSky Inc,5/24/2018,17795,8/5/2021,-0.00915,0.007173,0.006005,,,0.99085,1.007173,1.006005
GreenSky Inc,5/24/2018,17795,8/6/2021,0.067282,0.000825,0.001675,,,1.067282,1.000825,1.001675
GreenSky Inc,5/24/2018,17795,8/9/2021,0.002472,-0.000405,-0.00094,,,1.002472,0.999595,0.99906
GreenSky Inc,5/24/2018,17795,8/10/2021,-0.019729,0.000668,0.000993,,,0.980271,1.000668,1.000993
GreenSky Inc,5/24/2018,17795,8/11/2021,-0.002516,0.002429,0.002468,,,0.997484,1.002429,1.002468
GreenSky Inc,5/24/2018,17795,8/12/2021,-0.001261,0.001978,0.002952,,,0.998739,1.001978,1.002952
GreenSky Inc,5/24/2018,17795,8/13/2021,-0.008838,0.00028,0.001607,,,0.991162,1.00028,1.001607
GreenSky Inc,5/24/2018,17795,8/16/2021,-0.020382,-0.000843,0.002621,,,0.979618,0.999157,1.002621
GreenSky Inc,5/24/2018,17795,8/17/2021,0.036411,-0.007821,-0.007061,,,1.036411,0.992179,0.992939
GreenSky Inc,5/24/2018,17795,8/18/2021,-0.027603,-0.008858,-0.010748,,,0.972397,0.991142,0.989252
GreenSky Inc,5/24/2018,17795,8/19/2021,-0.002581,-0.002259,0.001257,,,0.997419,0.997741,1.001257
GreenSky Inc,5/24/2018,17795,8/20/2021,0.012937,0.008679,0.008142,,,1.012937,1.008679,1.008142
GreenSky Inc,5/24/2018,17795,8/23/2021,-0.012771,0.010518,0.008524,,,0.987229,1.010518,1.008524
GreenSky Inc,5/24/2018,17795,8/24/2021,0.001294,0.004232,0.001496,,,1.001294,1.004232,1.001496
GreenSky Inc,5/24/2018,17795,8/25/2021,0.00646,0.002593,0.00222,,,1.00646,1.002593,1.00222
GreenSky Inc,5/24/2018,17795,8/26/2021,0.008986,-0.006469,-0.005825,,,1.008986,0.993531,0.994175
GreenSky Inc,5/24/2018,17795,8/27/2021,-0.01145,0.010965,0.008808,,,0.98855,1.010965,1.008808
GreenSky Inc,5/24/2018,17795,8/30/2021,0.002574,0.003027,0.004307,,,1.002574,1.003027,1.004307
GreenSky Inc,5/24/2018,17795,8/31/2021,0.020539,-0.001063,-0.001349,,,1.020539,0.998937,0.998651
GreenSky Inc,5/24/2018,17795,9/1/2021,0.003774,0.001985,0.000312,,,1.003774,1.001985,1.000312
GreenSky Inc,5/24/2018,17795,9/2/2021,-0.003759,0.004125,0.002843,,,0.996241,1.004125,1.002843
GreenSky Inc,5/24/2018,17795,9/3/2021,-0.012579,-0.000078,-0.000335,,,0.987421,0.999922,0.999665
GreenSky Inc,5/24/2018,17795,9/7/2021,0.026752,-0.004163,-0.003395,,,1.026752,0.995837,0.996605
GreenSky Inc,5/24/2018,17795,9/8/2021,0.040943,-0.003491,-0.001319,,,1.040943,0.996509,0.998681
GreenSky Inc,5/24/2018,17795,9/9/2021,-0.011919,-0.002862,-0.004606,,,0.988081,0.997138,0.995394
GreenSky Inc,5/24/2018,17795,9/10/2021,0.006031,-0.007309,-0.007723,,,1.006031,0.992691,0.992277
GreenSky Inc,5/24/2018,17795,9/13/2021,0.061151,0.001957,0.002277,,,1.061151,1.001957,1.002277
GreenSky Inc,5/24/2018,17795,9/14/2021,-0.122034,-0.006226,-0.005747,,,0.877966,0.993774,0.994253
GreenSky Inc,5/24/2018,17795,9/15/2021,0.531532,0.008518,0.008474,,,1.531532,1.008518,1.008474
GreenSky Inc,5/24/2018,17795,9/16/2021,-0.013445,-0.000877,-0.001551,,,0.986555,0.999123,0.998449
GreenSky Inc,5/24/2018,17795,9/17/2021,-0.010221,-0.007397,-0.009111,,,0.989779,0.992603,0.990889
GreenSky Inc,5/24/2018,17795,9/20/2021,-0.040448,-0.018222,-0.016977,,,0.959552,0.981778,0.983023
GreenSky Inc,5/24/2018,17795,9/21/2021,0.000897,0.000856,-0.000812,,,1.000897,1.000856,0.999188
GreenSky Inc,5/24/2018,17795,9/22/2021,0.020609,0.009965,0.00952,,,1.020609,1.009965,1.00952
GreenSky Inc,5/24/2018,17795,9/23/2021,0.010536,0.01206,0.012135,,,1.010536,1.01206,1.012135
GreenSky Inc,5/24/2018,17795,9/24/2021,-0.001738,-0.000111,0.001461,,,0.998262,0.999889,1.001461
GreenSky Inc,5/24/2018,17795,9/27/2021,0.018277,-0.00098,-0.002776,,,1.018277,0.99902,0.997224
GreenSky Inc,5/24/2018,17795,9/28/2021,-0.021368,-0.020769,-0.020364,,,0.978632,0.979231,0.979636
GreenSky Inc,5/24/2018,17795,9/29/2021,-0.012227,-0.000069,0.001569,,,0.987773,0.999931,1.001569
GreenSky Inc,5/24/2018,17795,9/30/2021,-0.011494,-0.0095,-0.01191,,,0.988506,0.9905,0.98809
GreenSky Inc,5/24/2018,17795,10/1/2021,0.003578,0.010643,0.011491,,,1.003578,1.010643,1.011491
GreenSky Inc,5/24/2018,17795,10/4/2021,-0.016043,-0.012878,-0.012986,,,0.983957,0.987122,0.987014
GreenSky Inc,5/24/2018,17795,10/5/2021,0.031703,0.009502,0.010524,,,1.031703,1.009502,1.010524
GreenSky Inc,5/24/2018,17795,10/6/2021,0.000878,0.002818,0.004103,,,1.000878,1.002818,1.004103
GreenSky Inc,5/24/2018,17795,10/7/2021,0.009649,0.009925,0.008298,,,1.009649,1.009925,1.008298
GreenSky Inc,5/24/2018,17795,10/8/2021,0.002606,-0.00252,-0.001914,,,1.002606,0.99748,0.998086
GreenSky Inc,5/24/2018,17795,10/11/2021,-0.016464,-0.006344,-0.006866,,,0.983536,0.993656,0.993134
GreenSky Inc,5/24/2018,17795,10/12/2021,0.006167,0.000236,-0.002417,,,1.006167,1.000236,0.997583
GreenSky Inc,5/24/2018,17795,10/13/2021,-0.000876,0.004802,0.003023,,,0.999124,1.004802,1.003023
GreenSky Inc,5/24/2018,17795,10/14/2021,0.010517,0.015965,0.017063,,,1.010517,1.015965,1.017063
GreenSky Inc,5/24/2018,17795,10/15/2021,0.040763,0.005721,0.00746,,,1.040763,1.005721,1.00746
GreenSky Inc,5/24/2018,17795,10/18/2021,0.018333,0.003275,0.003375,,,1.018333,1.003275,1.003375
GreenSky Inc,5/24/2018,17795,10/19/2021,-0.007365,0.006813,0.007393,,,0.992635,1.006813,1.007393
GreenSky Inc,5/24/2018,17795,10/20/2021,-0.006595,0.003892,0.003664,,,0.993405,1.003892,1.003664
GreenSky Inc,5/24/2018,17795,10/21/2021,-0.004979,0.002944,0.002996,,,0.995021,1.002944,1.002996
GreenSky Inc,5/24/2018,17795,10/22/2021,0.019183,-0.0017,-0.001073,,,1.019183,0.9983,0.998927
GreenSky Inc,5/24/2018,17795,10/25/2021,-0.000818,0.005483,0.004748,,,0.999182,1.005483,1.004748
GreenSky Inc,5/24/2018,17795,10/26/2021,0.009009,-0.000059,0.00182,,,1.009009,0.999941,1.00182
GreenSky Inc,5/24/2018,17795,10/27/2021,-0.017045,-0.007541,-0.005052,,,0.982955,0.992459,0.994948
GreenSky Inc,5/24/2018,17795,10/28/2021,0.011561,0.011248,0.009829,,,1.011561,1.011248,1.009829
GreenSky Inc,5/24/2018,17795,10/29/2021,-0.000816,0.000973,0.001949,,,0.999184,1.000973,1.001949
GreenSky Inc,5/24/2018,17795,11/1/2021,0.008987,0.005685,0.0018,,,1.008987,1.005685,1.0018
GreenSky Inc,5/24/2018,17795,11/2/2021,0.015385,0.002035,0.00368,,,1.015385,1.002035,1.00368
GreenSky Inc,5/24/2018,17795,11/3/2021,-0.012759,0.007317,0.006461,,,0.987241,1.007317,1.006461
GreenSky Inc,5/24/2018,17795,11/4/2021,-0.027464,0.002951,0.004182,,,0.972536,1.002951,1.004182
GreenSky Inc,5/24/2018,17795,11/5/2021,0.001661,0.004007,0.003733,,,1.001661,1.004007,1.003733
GreenSky Inc,5/24/2018,17795,11/8/2021,0.004975,0.001985,0.000888,,,1.004975,1.001985,1.000888
GreenSky Inc,5/24/2018,17795,11/9/2021,-0.011551,-0.002888,-0.003499,,,0.988449,0.997112,0.996501
GreenSky Inc,5/24/2018,17795,11/10/2021,-0.01419,-0.010458,-0.008226,,,0.98581,0.989542,0.991774
GreenSky Inc,5/24/2018,17795,11/11/2021,0.010161,0.002449,0.000551,,,1.010161,1.002449,1.000551
GreenSky Inc,5/24/2018,17795,11/12/2021,0.005868,0.007136,0.007223,,,1.005868,1.007136,1.007223
GreenSky Inc,5/24/2018,17795,11/15/2021,-0.000833,-0.000328,-0.000011,,,0.999167,0.999672,0.999989
GreenSky Inc,5/24/2018,17795,11/16/2021,-0.00417,0.004036,0.003865,,,0.99583,1.004036,1.003865
GreenSky Inc,5/24/2018,17795,11/17/2021,-0.029313,-0.004441,-0.002602,,,0.970687,0.995559,0.997398
GreenSky Inc,5/24/2018,17795,11/18/2021,0.000863,0.000267,0.003385,,,1.000863,1.000267,1.003385
GreenSky Inc,5/24/2018,17795,11/19/2021,-0.013793,-0.002866,-0.001399,,,0.986207,0.997134,0.998601
GreenSky Inc,5/24/2018,17795,11/22/2021,0.024476,-0.00622,-0.003197,,,1.024476,0.99378,0.996803
GreenSky Inc,5/24/2018,17795,11/23/2021,0.023891,-0.000289,0.001657,,,1.023891,0.999711,1.001657
GreenSky Inc,5/24/2018,17795,11/24/2021,-0.016667,0.003215,0.002294,,,0.983333,1.003215,1.002294
GreenSky Inc,5/24/2018,17795,11/26/2021,-0.024576,-0.022333,-0.022725,,,0.975424,0.977667,0.977275
GreenSky Inc,5/24/2018,17795,11/29/2021,-0.007819,0.010084,0.0132,,,0.992181,1.010084,1.0132
GreenSky Inc,5/24/2018,17795,11/30/2021,-0.007005,-0.01913,-0.018961,,,0.992995,0.98087,0.981039
GreenSky Inc,5/24/2018,17795,12/1/2021,-0.007937,-0.01512,-0.011815,,,0.992063,0.98488,0.988185
GreenSky Inc,5/24/2018,17795,12/2/2021,0.026667,0.015404,0.014194,,,1.026667,1.015404,1.014194
GreenSky Inc,5/24/2018,17795,12/3/2021,-0.012987,-0.011375,-0.008449,,,0.987013,0.988625,0.991551
GreenSky Inc,5/24/2018,17795,12/6/2021,0.021053,0.011801,0.011731,,,1.021053,1.011801,1.011731
GreenSky Inc,5/24/2018,17795,12/7/2021,0.030069,0.021576,0.020707,,,1.030069,1.021576,1.020707
GreenSky Inc,5/24/2018,17795,12/8/2021,-0.00834,0.004299,0.003085,,,0.99166,1.004299,1.003085
GreenSky Inc,5/24/2018,17795,12/9/2021,-0.000841,-0.010779,-0.007181,,,0.999159,0.989221,0.992819
GreenSky Inc,5/24/2018,17795,12/10/2021,-0.015152,0.006154,0.009549,,,0.984848,1.006154,1.009549
GreenSky Inc,5/24/2018,17795,12/13/2021,-0.016239,-0.009868,-0.009136,,,0.983761,0.990132,0.990864
GreenSky Inc,5/24/2018,17795,12/14/2021,0.010426,-0.007689,-0.007471,,,1.010426,0.992311,0.992529
GreenSky Inc,5/24/2018,17795,12/15/2021,-0.010318,0.015057,0.016348,,,0.989682,1.015057,1.016348
GreenSky Inc,5/24/2018,17795,12/16/2021,0.02172,-0.010042,-0.008743,,,1.02172,0.989958,0.991257
GreenSky Inc,5/24/2018,17795,12/17/2021,-0.042517,-0.006259,-0.010288,,,0.957483,0.993741,0.989712
GreenSky Inc,5/24/2018,17795,12/20/2021,-0.025755,-0.01232,-0.011388,,,0.974245,0.98768,0.988612
GreenSky Inc,5/24/2018,17795,12/21/2021,0.024613,0.019936,0.017778,,,1.024613,1.019936,1.017778
GreenSky Inc,5/24/2018,17795,12/22/2021,0.007117,0.009573,0.01018,,,1.007117,1.009573,1.01018
GreenSky Inc,5/24/2018,17795,12/23/2021,0.012368,0.006854,0.006224,,,1.012368,1.006854,1.006224
GreenSky Inc,5/24/2018,17795,12/27/2021,0.004363,0.012046,0.013839,,,1.004363,1.012046,1.013839
GreenSky Inc,5/24/2018,17795,12/28/2021,0,-0.002438,-0.00101,,,1,0.997562,0.99899
GreenSky Inc,5/24/2018,17795,12/29/2021,-0.001738,0.000553,0.001402,,,0.998262,1.000553,1.001402
GreenSky Inc,5/24/2018,17795,12/30/2021,-0.005222,-0.000979,-0.00299,,,0.994778,0.999021,0.99701
GreenSky Inc,5/24/2018,17795,12/31/2021,-0.006124,-0.002389,-0.002626,,,0.993876,0.997611,0.997374
GreenSky Inc,5/24/2018,17795,1/3/2022,0.034331,0.006154,0.006374,,,1.034331,1.006154,1.006374
GreenSky Inc,5/24/2018,17795,1/4/2022,0.033192,-0.002351,-0.00063,,,1.033192,0.997649,0.99937
GreenSky Inc,5/24/2018,17795,1/5/2022,-0.022241,-0.021879,-0.019393,,,0.977759,0.978121,0.980607
GreenSky Inc,5/24/2018,17795,1/6/2022,-0.005897,0.000161,-0.000964,,,0.994103,1.000161,0.999036
GreenSky Inc,5/24/2018,17795,1/7/2022,0.005085,-0.004164,-0.00405,,,1.005085,0.995836,0.99595
GreenSky Inc,5/24/2018,17795,1/10/2022,0.000843,-0.001893,-0.001441,,,1.000843,0.998107,0.998559
GreenSky Inc,5/24/2018,17795,1/11/2022,0.010952,0.010905,0.00916,,,1.010952,1.010905,1.00916
GreenSky Inc,5/24/2018,17795,1/12/2022,-0.031667,0.001817,0.002818,,,0.968333,1.001817,1.002818
GreenSky Inc,5/24/2018,17795,1/13/2022,0.002582,-0.014356,-0.014244,,,1.002582,0.985644,0.985756
GreenSky Inc,5/24/2018,17795,1/14/2022,-0.026609,0.000164,0.00082,,,0.973391,1.000164,1.00082
GreenSky Inc,5/24/2018,17795,1/18/2022,-0.07231,-0.019346,-0.018388,,,0.92769,0.980654,0.981612
GreenSky Inc,5/24/2018,17795,1/19/2022,-0.019011,-0.009368,-0.00969,,,0.980989,0.990632,0.99031
GreenSky Inc,5/24/2018,17795,1/20/2022,0.003876,-0.010991,-0.011037,,,1.003876,0.989009,0.988963
GreenSky Inc,5/24/2018,17795,1/21/2022,-0.014479,-0.019931,-0.018915,,,0.985521,0.980069,0.981085
GreenSky Inc,5/24/2018,17795,1/24/2022,-0.001959,0.004196,0.002772,,,0.998041,1.004196,1.002772
GreenSky Inc,5/24/2018,17795,1/25/2022,-0.005888,-0.01244,-0.012172,,,0.994112,0.98756,0.987828
GreenSky Inc,5/24/2018,17795,1/26/2022,0.003949,-0.003579,-0.001497,,,1.003949,0.996421,0.998503
GreenSky Inc,5/24/2018,17795,1/27/2022,-0.006883,-0.008106,-0.005384,,,0.993117,0.991894,0.994616
GreenSky Inc,5/24/2018,17795,1/28/2022,0.017822,0.022473,0.024348,,,1.017822,1.022473,1.024348
GreenSky Inc,5/24/2018,17795,1/31/2022,0.026265,0.022431,0.018886,,,1.026265,1.022431,1.018886
GreenSky Inc,5/24/2018,17795,2/1/2022,0.027488,0.008548,0.006863,,,1.027488,1.008548,1.006863
GreenSky Inc,5/24/2018,17795,2/2/2022,-0.004613,0.004746,0.009423,,,0.995387,1.004746,1.009423
GreenSky Inc,5/24/2018,17795,2/3/2022,-0.012048,-0.023331,-0.024391,,,0.987952,0.976669,0.975609
GreenSky Inc,5/24/2018,17795,2/4/2022,0.026266,0.007243,0.005157,,,1.026266,1.007243,1.005157
GreenSky Inc,5/24/2018,17795,2/7/2022,-0.001828,-0.001807,-0.003702,,,0.998172,0.998193,0.996298
GreenSky Inc,5/24/2018,17795,2/8/2022,0.009158,0.009147,0.008401,,,1.009158,1.009147,1.008401
GreenSky Inc,5/24/2018,17795,2/9/2022,0.009982,0.016251,0.014517,,,1.009982,1.016251,1.014517
GreenSky Inc,5/24/2018,17795,2/10/2022,-0.008985,-0.016293,-0.018116,,,0.991015,0.983707,0.981884
GreenSky Inc,5/24/2018,17795,2/11/2022,-0.025385,-0.017672,-0.018969,,,0.974615,0.982328,0.981031
GreenSky Inc,5/24/2018,17795,2/14/2022,-0.008372,-0.004128,-0.003841,,,0.991628,0.995872,0.996159
GreenSky Inc,5/24/2018,17795,2/15/2022,0.010319,0.017622,0.015767,,,1.010319,1.017622,1.015767
GreenSky Inc,5/24/2018,17795,2/16/2022,-0.025998,0.000308,0.000881,,,0.974002,1.000308,1.000881
GreenSky Inc,5/24/2018,17795,2/17/2022,-0.034318,-0.021239,-0.021173,,,0.965682,0.978761,0.978827
GreenSky Inc,5/24/2018,17795,2/18/2022,-0.008885,-0.008297,-0.007166,,,0.991115,0.991703,0.992834
GreenSky Inc,5/24/2018,17795,2/22/2022,-0.005976,-0.011235,-0.010143,,,0.994024,0.988765,0.989857
GreenSky Inc,5/24/2018,17795,2/23/2022,-0.016032,-0.018075,-0.018412,,,0.983968,0.981925,0.981588
GreenSky Inc,5/24/2018,17795,2/24/2022,-0.002037,0.016083,0.014957,,,0.997963,1.016083,1.014957
GreenSky Inc,5/24/2018,17795,2/25/2022,0.038776,0.022121,0.022373,,,1.038776,1.022121,1.022373
GreenSky Inc,5/24/2018,17795,2/28/2022,-0.027505,-0.000365,-0.002443,,,0.972495,0.999635,0.997557
GreenSky Inc,5/24/2018,17795,3/1/2022,-0.032323,-0.015027,-0.015473,,,0.967677,0.984973,0.984527
GreenSky Inc,5/24/2018,17795,3/2/2022,0.033403,0.017773,0.018643,,,1.033403,1.017773,1.018643
GreenSky Inc,5/24/2018,17795,3/3/2022,-0.010101,-0.008077,-0.005255,,,0.989899,0.991923,0.994745
GreenSky Inc,5/24/2018,17795,3/4/2022,-0.018367,-0.010171,-0.007934,,,0.981633,0.989829,0.992066
GreenSky Inc,5/24/2018,17795,3/7/2022,-0.011434,-0.029143,-0.029518,,,0.988566,0.970857,0.970482
GreenSky Inc,5/24/2018,17795,3/8/2022,-0.010515,-0.004392,-0.007234,,,0.989485,0.995608,0.992766
GreenSky Inc,5/24/2018,17795,3/9/2022,0.047821,0.026287,0.025698,,,1.047821,1.026287,1.025698
GreenSky Inc,5/24/2018,17795,3/10/2022,-0.014199,-0.004184,-0.004292,,,0.985801,0.995816,0.995708
GreenSky Inc,5/24/2018,17795,3/11/2022,-0.00823,-0.013741,-0.012962,,,0.99177,0.986259,0.987038
GreenSky Inc,5/24/2018,17795,3/14/2022,-0.013485,-0.010539,-0.007421,,,0.986515,0.989461,0.992579
GreenSky Inc,5/24/2018,17795,3/15/2022,-0.024185,0.019118,0.021408,,,0.975815,1.019118,1.021408
GreenSky Inc,5/24/2018,17795,3/16/2022,0.065733,0.025417,0.022384,,,1.065733,1.025417,1.022384
GreenSky Inc,5/24/2018,17795,3/17/2022,-0.006067,0.013941,0.012348,,,0.993933,1.013941,1.012348
GreenSky Inc,5/24/2018,17795,3/18/2022,0.023398,0.012298,0.011662,,,1.023398,1.012298,1.011662
GreenSky Inc,5/24/2018,17795,3/21/2022,-0.028827,-0.00173,-0.000435,,,0.971173,0.99827,0.999565
GreenSky Inc,5/24/2018,17795,3/22/2022,0.020471,0.01177,0.011304,,,1.020471,1.01177,1.011304
GreenSky Inc,5/24/2018,17795,3/23/2022,-0.024072,-0.011877,-0.012273,,,0.975928,0.988123,0.987727
GreenSky Inc,5/24/2018,17795,3/24/2022,0.007194,0.013111,0.014344,,,1.007194,1.013111,1.014344
GreenSky Inc,5/24/2018,17795,3/25/2022,0.003061,0.003084,0.005066,,,1.003061,1.003084,1.005066
GreenSky Inc,5/24/2018,17795,3/28/2022,0.021363,0.006122,0.007145,,,1.021363,1.006122,1.007145
GreenSky Inc,5/24/2018,17795,3/29/2022,0.015936,0.014708,0.012257,,,1.015936,1.014708,1.012257
GreenSky Inc,5/24/2018,17795,3/30/2022,.,-0.007642,-0.006294,,,,,
,,,,,,,,,,,
,,,,,,,,,,,
,,,,,,,,,,,
,,,,,,,,,,,
,,,,,,,,,,,
,,,,,,,,,,,
,,,,,,,,,,,
,,,,,,,,,,,
,,,,,,,,,,,
,,,,,,,,,,,
,,,,,,,,,,,
,,,,,,,,,,,
,,,,,,,,,,,
,,,,,,,,,,,
,,,,,,,,,,,
,,,,,,,,,,,
,,,,,,,,,,,
,,,,,,,,,,,
,,,,,,,,,,,
,,,,,,,,,,,
,,,,,,,,,,,
,,,,,,,,,,,
,,,,,,,,,,,
,,,,,,,,,,,
,,,,,,,,,,,
,,,,,,,,,,,
,,,,,,,,,,,
,,,,,,,,,,,
,,,,,,,,,,,
,,,,,,,,,,,
,,,,,,,,,,,
,,,,,,,,,,,
,,,,,,,,,,,
,,,,,,,,,,,
,,,,,,,,,,,
,,,,,,,,,,,
,,,,,,,,,,,
,,,,,,,,,,,
,,,,,,,,,,,
,,,,,,,,,,,
,,,,,,,,,,,
,,,,,,,,,,,
,,,,,,,,,,,
,,,,,,,,,,,
,,,,,,,,,,,
,,,,,,,,,,,
,,,,,,,,,,,
,,,,,,,,,,,
,,,,,,,,,,,
,,,,,,,,,,,
,,,,,,,,,,,
,,,,,,,,,,,
,,,,,,,,,,,
,,,,,,,,,,,
,,,,,,,,,,,
,,,,,,,,,,,
,,,,,,,,,,,
,,,,,,,,,,,
,,,,,,,,,,,
,,,,,,,,,,,
,,,,,,,,,,,
,,,,,,,,,,,
,,,,,,,,,,,
,,,,,,,,,,,
,,,,,,,,,,,
,,,,,,,,,,,
,,,,,,,,,,,
,,,,,,,,,,,
,,,,,,,,,,,
,,,,,,,,,,,
,,,,,,,,,,,
,,,,,,,,,,,
,,,,,,,,,,,
,,,,,,,,,,,
,,,,,,,,,,,
,,,,,,,,,,,
,,,,,,,,,,,
,,,,,,,,,,,
,,,,,,,,,,,
,,,,,,,,,,,
,,,,,,,,,,,
,,,,,,,,,,,
,,,,,,,,,,,
,,,,,,,,,,,
,,,,,,,,,,,
,,,,,,,,,,,
,,,,,,,,,,,
,,,,,,,,,,,
,,,,,,,,,,,
,,,,,,,,,,,
,,,,,,,,,,,
,,,,,,,,,,,
,,,,,,,,,,,
,,,,,,,,,,,
,,,,,,,,,,,
,,,,,,,,,,,
,,,,,,,,,,,
,,,,,,,,,,,
,,,,,,,,,,,
,,,,,,,,,,,
,,,,,,,,,,,
,,,,,,,,,,,
,,,,,,,,,,,
,,,,,,,,,,,
,,,,,,,,,,,
,,,,,,,,,,,
,,,,,,,,,,,
,,,,,,,,,,,
,,,,,,,,,,,
,,,,,,,,,,,
,,,,,,,,,,,
,,,,,,,,,,,
,,,,,,,,,,,
,,,,,,,,,,,
,,,,,,,,,,,
,,,,,,,,,,,
,,,,,,,,,,,
,,,,,,,,,,,
,,,,,,,,,,,
,,,,,,,,,,,
,,,,,,,,,,,
,,,,,,,,,,,
,,,,,,,,,,,
,,,,,,,,,,,
,,,,,,,,,,,
,,,,,,,,,,,
,,,,,,,,,,,
,,,,,,,,,,,
,,,,,,,,,,,
,,,,,,,,,,,
,,,,,,,,,,,
,,,,,,,,,,,
,,,,,,,,,,,
,,,,,,,,,,,
,,,,,,,,,,,
,,,,,,,,,,,
,,,,,,,,,,,
,,,,,,,,,,,
,,,,,,,,,,,
,,,,,,,,,,,
,,,,,,,,,,,
,,,,,,,,,,,
,,,,,,,,,,,
,,,,,,,,,,,
,,,,,,,,,,,
,,,,,,,,,,,
,,,,,,,,,,,
,,,,,,,,,,,
,,,,,,,,,,,
,,,,,,,,,,,
,,,,,,,,,,,
,,,,,,,,,,,
,,,,,,,,,,,
,,,,,,,,,,,
,,,,,,,,,,,
,,,,,,,,,,,
,,,,,,,,,,,
,,,,,,,,,,,
,,,,,,,,,,,
,,,,,,,,,,,
,,,,,,,,,,,
,,,,,,,,,,,
,,,,,,,,,,,
,,,,,,,,,,,
,,,,,,,,,,,
